rms,distance,atom_a,atom_b
2.4083955725465436,0.0,1,1
0.393271712582977,4.429597434503725,1,2
0.0689860062667635,8.85919486900745,1,3
0.393271712582977,4.429597434503725,1,4
0.3932717125829768,4.429597434503725,1,5
0.3932717125829769,4.429597434503725,1,6
0.034097371609212786,7.672287813637204,1,7
0.034097371609212786,7.672287813637203,1,8
0.06898600626676371,8.85919486900745,1,9
0.03409733288190012,7.672287813637205,1,10
0.06898600626676371,8.85919486900745,1,11
0.03409737160921305,7.672287813637205,1,12
0.393271712582977,4.429597434503725,1,13
0.03409733288189999,7.672287813637204,1,14
0.03409733288189999,7.672287813637204,1,15
0.393271712582977,4.429597434503725,1,16
0.2180597577799201,4.857977413792058,1,17
0.03136274793165842,7.927333184396722,1,18
0.03136274793165842,7.9273331843967725,1,19
0.2180597577799201,4.857977413792086,1,20
0.21805975777991995,4.857977413792086,1,21
0.2996772912985225,6.574289161930418,1,22
0.12833427487294116,10.103725960256515,1,23
0.29967729129852233,6.5742891619304595,1,24
0.031362747931658504,7.9273331843967725,1,25
0.031362747931658504,7.9273331843967565,1,26
0.12833427487294122,10.103725960256527,1,27
0.12833427487294122,10.103725960256513,1,28
0.031362747931658566,7.927333184396721,1,29
0.01795188026516935,11.032071959143629,1,30
0.031362747931658566,7.927333184396755,1,31
0.29967729129852244,6.574289161930417,1,32
0.8296582171650062,3.0815561821881583,1,33
0.059736637372322786,6.981307568608172,1,34
0.059736637372322786,6.98130756860823,1,35
0.8296582171650062,3.081556182188202,1,36
0.8296582171650061,3.081556182188202,1,37
0.02442590610111139,5.396046880424969,1,38
0.0069779435346577125,9.37983593838558,1,39
0.02442590610111139,5.396046880425019,1,40
0.059736637372322904,6.98130756860823,1,41
0.059736637372322904,6.981307568608211,1,42
0.006977943534657752,9.379835938385595,1,43
0.006977943534657752,9.37983593838558,1,44
0.05973663737232274,6.981307568608171,1,45
0.016792921703121286,10.373169991029329,1,46
0.059736637372322696,6.98130756860821,1,47
0.0244259061011115,5.396046880424968,1,48
0.15533148789184717,3.287144580965208,1,49
0.03417495339290625,5.516035979571814,1,50
0.01924802596359755,9.449373165624088,1,51
0.03417495339290625,5.516035979571838,1,52
0.15533148789184714,3.287144580965229,1,53
0.15533148789184711,3.287144580965208,1,54
0.1165648231696239,7.07446014616612,1,55
0.1165648231696239,7.074460146166149,1,56
0.11656482316962406,7.074460146166149,1,57
0.03417495339290637,5.5160359795718374,1,58
0.11656482316962406,7.074460146166129,1,59
0.03526103144545496,10.436090582923221,1,60
0.11656482316962409,7.07446014616612,1,61
0.019248025963597537,9.449373165624088,1,62
0.019248025963597537,9.44937316562411,1,63
0.11656482316962409,7.07446014616613,1,64
0.022523708854067678,5.849484341885438,1,65
0.04668623512829958,7.337424650224688,1,66
0.020964590792195783,10.616110436172507,1,67
0.04668623512829958,7.337424650224688,1,68
0.046686235128299745,7.337424650224688,1,69
0.046686235128299745,7.337424650224688,1,70
0.14384828252428492,9.647821897259965,1,71
0.14384828252428492,9.647821897259963,1,72
0.020964590792195793,10.616110436172509,1,73
0.008045067189873996,9.647821897259965,1,74
0.020964590792195793,10.616110436172509,1,75
0.1438482825242848,9.647821897259965,1,76
0.046686235128299704,7.337424650224689,1,77
0.008045067189874246,9.647821897259965,1,78
0.008045067189874246,9.647821897259965,1,79
0.046686235128299704,7.337424650224689,1,80
0.393271712582977,4.429597434503725,2,1
2.4083955725465436,0.0,2,2
0.393271712582977,4.429597434503724,2,3
0.0689860062667635,8.85919486900745,2,4
0.034097371609212786,7.672287813637204,2,5
0.3932717125829768,4.429597434503725,2,6
0.3932717125829769,4.429597434503725,2,7
0.034097371609212786,7.672287813637204,2,8
0.03409737160921305,7.672287813637205,2,9
0.06898600626676371,8.85919486900745,2,10
0.03409733288190012,7.672287813637205,2,11
0.06898600626676371,8.85919486900745,2,12
0.393271712582977,4.429597434503725,2,13
0.393271712582977,4.429597434503725,2,14
0.03409733288189999,7.672287813637204,2,15
0.03409733288189999,7.672287813637203,2,16
0.2180597577799201,4.857977413792085,2,17
0.2180597577799201,4.857977413792058,2,18
0.03136274793165842,7.927333184396722,2,19
0.03136274793165842,7.927333184396773,2,20
0.29967729129852233,6.574289161930459,2,21
0.21805975777991995,4.857977413792086,2,22
0.2996772912985225,6.574289161930418,2,23
0.12833427487294116,10.103725960256513,2,24
0.12833427487294122,10.103725960256513,2,25
0.031362747931658504,7.9273331843967725,2,26
0.031362747931658504,7.9273331843967565,2,27
0.12833427487294122,10.103725960256527,2,28
0.29967729129852244,6.574289161930417,2,29
0.031362747931658566,7.927333184396721,2,30
0.01795188026516935,11.032071959143627,2,31
0.031362747931658566,7.927333184396756,2,32
0.8296582171650062,3.081556182188202,2,33
0.8296582171650062,3.0815561821881583,2,34
0.059736637372322786,6.981307568608172,2,35
0.059736637372322786,6.981307568608231,2,36
0.02442590610111139,5.396046880425018,2,37
0.8296582171650061,3.081556182188202,2,38
0.02442590610111139,5.396046880424968,2,39
0.0069779435346577125,9.37983593838558,2,40
0.006977943534657752,9.37983593838558,2,41
0.059736637372322904,6.98130756860823,2,42
0.059736637372322904,6.981307568608211,2,43
0.006977943534657752,9.379835938385595,2,44
0.0244259061011115,5.396046880424968,2,45
0.05973663737232274,6.981307568608171,2,46
0.016792921703121286,10.373169991029329,2,47
0.059736637372322696,6.9813075686082104,2,48
0.03417495339290625,5.516035979571838,2,49
0.15533148789184717,3.287144580965208,2,50
0.03417495339290625,5.516035979571814,2,51
0.01924802596359755,9.449373165624088,2,52
0.1165648231696239,7.074460146166149,2,53
0.15533148789184714,3.287144580965229,2,54
0.15533148789184711,3.287144580965208,2,55
0.1165648231696239,7.074460146166121,2,56
0.03526103144545496,10.436090582923221,2,57
0.11656482316962406,7.074460146166149,2,58
0.03417495339290637,5.5160359795718374,2,59
0.11656482316962406,7.074460146166129,2,60
0.11656482316962409,7.07446014616613,2,61
0.11656482316962409,7.07446014616612,2,62
0.019248025963597537,9.449373165624088,2,63
0.019248025963597537,9.44937316562411,2,64
0.04668623512829958,7.337424650224688,2,65
0.022523708854067678,5.849484341885438,2,66
0.04668623512829958,7.337424650224688,2,67
0.020964590792195783,10.616110436172507,2,68
0.14384828252428492,9.647821897259965,2,69
0.046686235128299745,7.337424650224688,2,70
0.046686235128299745,7.337424650224688,2,71
0.14384828252428492,9.647821897259965,2,72
0.1438482825242848,9.647821897259965,2,73
0.020964590792195793,10.616110436172509,2,74
0.008045067189873996,9.647821897259965,2,75
0.020964590792195793,10.616110436172509,2,76
0.046686235128299704,7.337424650224689,2,77
0.046686235128299704,7.337424650224689,2,78
0.008045067189874246,9.647821897259965,2,79
0.008045067189874246,9.647821897259965,2,80
0.0689860062667635,8.85919486900745,3,1
0.393271712582977,4.429597434503724,3,2
2.4083955725465436,0.0,3,3
0.393271712582977,4.429597434503725,3,4
0.034097371609212786,7.672287813637204,3,5
0.034097371609212786,7.672287813637203,3,6
0.3932717125829768,4.429597434503724,3,7
0.3932717125829769,4.429597434503725,3,8
0.06898600626676371,8.85919486900745,3,9
0.03409737160921305,7.672287813637205,3,10
0.06898600626676371,8.85919486900745,3,11
0.03409733288190012,7.672287813637205,3,12
0.03409733288189999,7.672287813637203,3,13
0.393271712582977,4.429597434503725,3,14
0.393271712582977,4.429597434503726,3,15
0.03409733288189999,7.672287813637205,3,16
0.03136274793165842,7.927333184396772,3,17
0.2180597577799201,4.857977413792085,3,18
0.2180597577799201,4.857977413792058,3,19
0.03136274793165842,7.927333184396723,3,20
0.12833427487294116,10.103725960256513,3,21
0.29967729129852233,6.574289161930458,3,22
0.21805975777991995,4.857977413792086,3,23
0.2996772912985225,6.574289161930418,3,24
0.12833427487294122,10.103725960256527,3,25
0.12833427487294122,10.103725960256513,3,26
0.031362747931658504,7.9273331843967725,3,27
0.031362747931658504,7.9273331843967565,3,28
0.031362747931658566,7.927333184396754,3,29
0.29967729129852244,6.574289161930417,3,30
0.031362747931658566,7.927333184396721,3,31
0.01795188026516935,11.032071959143629,3,32
0.059736637372322786,6.981307568608229,3,33
0.8296582171650062,3.081556182188201,3,34
0.8296582171650062,3.0815561821881587,3,35
0.059736637372322786,6.981307568608173,3,36
0.0069779435346577125,9.37983593838558,3,37
0.02442590610111139,5.3960468804250175,3,38
0.8296582171650061,3.081556182188202,3,39
0.02442590610111139,5.396046880424969,3,40
0.006977943534657752,9.379835938385595,3,41
0.006977943534657752,9.37983593838558,3,42
0.059736637372322904,6.98130756860823,3,43
0.059736637372322904,6.981307568608211,3,44
0.059736637372322696,6.981307568608209,3,45
0.0244259061011115,5.396046880424968,3,46
0.05973663737232274,6.981307568608171,3,47
0.016792921703121286,10.37316999102933,3,48
0.01924802596359755,9.449373165624088,3,49
0.03417495339290625,5.5160359795718374,3,50
0.15533148789184717,3.287144580965208,3,51
0.03417495339290625,5.516035979571814,3,52
0.1165648231696239,7.07446014616612,3,53
0.1165648231696239,7.074460146166148,3,54
0.15533148789184714,3.287144580965228,3,55
0.15533148789184711,3.28714458096521,3,56
0.11656482316962406,7.07446014616613,3,57
0.03526103144545496,10.436090582923221,3,58
0.11656482316962406,7.074460146166148,3,59
0.03417495339290637,5.5160359795718374,3,60
0.019248025963597537,9.449373165624108,3,61
0.11656482316962409,7.074460146166129,3,62
0.11656482316962409,7.074460146166121,3,63
0.019248025963597537,9.449373165624088,3,64
0.020964590792195783,10.616110436172507,3,65
0.04668623512829958,7.337424650224688,3,66
0.022523708854067678,5.849484341885438,3,67
0.04668623512829958,7.337424650224688,3,68
0.14384828252428492,9.647821897259965,3,69
0.14384828252428492,9.647821897259963,3,70
0.046686235128299745,7.337424650224688,3,71
0.046686235128299745,7.337424650224689,3,72
0.020964590792195793,10.616110436172509,3,73
0.1438482825242848,9.647821897259965,3,74
0.020964590792195793,10.616110436172509,3,75
0.008045067189873996,9.647821897259965,3,76
0.008045067189874246,9.647821897259965,3,77
0.046686235128299704,7.337424650224688,3,78
0.046686235128299704,7.337424650224689,3,79
0.008045067189874246,9.647821897259965,3,80
0.393271712582977,4.429597434503725,4,1
0.0689860062667635,8.85919486900745,4,2
0.393271712582977,4.429597434503725,4,3
2.4083955725465436,0.0,4,4
0.3932717125829769,4.429597434503725,4,5
0.034097371609212786,7.672287813637207,4,6
0.034097371609212786,7.672287813637203,4,7
0.3932717125829768,4.429597434503724,4,8
0.03409733288190012,7.672287813637205,4,9
0.06898600626676371,8.85919486900745,4,10
0.03409737160921305,7.672287813637205,4,11
0.06898600626676371,8.85919486900745,4,12
0.03409733288189999,7.672287813637205,4,13
0.03409733288189999,7.672287813637203,4,14
0.393271712582977,4.429597434503725,4,15
0.393271712582977,4.429597434503726,4,16
0.03136274793165842,7.927333184396722,4,17
0.03136274793165842,7.927333184396772,4,18
0.2180597577799201,4.857977413792085,4,19
0.2180597577799201,4.857977413792058,4,20
0.2996772912985225,6.574289161930416,4,21
0.12833427487294116,10.103725960256515,4,22
0.29967729129852233,6.574289161930459,4,23
0.21805975777991995,4.857977413792086,4,24
0.031362747931658504,7.927333184396756,4,25
0.12833427487294122,10.103725960256527,4,26
0.12833427487294122,10.103725960256513,4,27
0.031362747931658504,7.9273331843967725,4,28
0.01795188026516935,11.032071959143629,4,29
0.031362747931658566,7.927333184396755,4,30
0.29967729129852244,6.574289161930417,4,31
0.031362747931658566,7.927333184396723,4,32
0.059736637372322786,6.981307568608171,4,33
0.059736637372322786,6.981307568608229,4,34
0.8296582171650062,3.081556182188201,4,35
0.8296582171650062,3.0815561821881587,4,36
0.02442590610111139,5.396046880424968,4,37
0.0069779435346577125,9.37983593838558,4,38
0.02442590610111139,5.396046880425018,4,39
0.8296582171650061,3.081556182188202,4,40
0.059736637372322904,6.981307568608211,4,41
0.006977943534657752,9.379835938385595,4,42
0.006977943534657752,9.37983593838558,4,43
0.059736637372322904,6.98130756860823,4,44
0.016792921703121286,10.373169991029329,4,45
0.059736637372322696,6.98130756860821,4,46
0.0244259061011115,5.396046880424968,4,47
0.05973663737232274,6.981307568608173,4,48
0.03417495339290625,5.516035979571814,4,49
0.01924802596359755,9.44937316562409,4,50
0.03417495339290625,5.5160359795718374,4,51
0.15533148789184717,3.287144580965208,4,52
0.15533148789184711,3.287144580965208,4,53
0.1165648231696239,7.074460146166122,4,54
0.1165648231696239,7.074460146166148,4,55
0.15533148789184714,3.2871445809652275,4,56
0.03417495339290637,5.5160359795718374,4,57
0.11656482316962406,7.07446014616613,4,58
0.03526103144545496,10.436090582923221,4,59
0.11656482316962406,7.074460146166148,4,60
0.019248025963597537,9.44937316562409,4,61
0.019248025963597537,9.449373165624108,4,62
0.11656482316962409,7.074460146166129,4,63
0.11656482316962409,7.07446014616612,4,64
0.04668623512829958,7.337424650224688,4,65
0.020964590792195783,10.616110436172507,4,66
0.04668623512829958,7.337424650224688,4,67
0.022523708854067678,5.849484341885438,4,68
0.046686235128299745,7.337424650224689,4,69
0.14384828252428492,9.647821897259966,4,70
0.14384828252428492,9.647821897259963,4,71
0.046686235128299745,7.337424650224688,4,72
0.008045067189873996,9.647821897259965,4,73
0.020964590792195793,10.616110436172507,4,74
0.1438482825242848,9.647821897259965,4,75
0.020964590792195793,10.616110436172507,4,76
0.008045067189874246,9.647821897259965,4,77
0.008045067189874246,9.647821897259965,4,78
0.046686235128299704,7.337424650224688,4,79
0.046686235128299704,7.337424650224689,4,80
0.393271712582977,4.429597434503725,5,1
0.03409733288189999,7.672287813637204,5,2
0.03409733288189999,7.672287813637204,5,3
0.393271712582977,4.429597434503725,5,4
2.4083955725465436,0.0,5,5
0.393271712582977,4.429597434503725,5,6
0.0689860062667635,8.85919486900745,5,7
0.393271712582977,4.429597434503724,5,8
0.3932717125829768,4.429597434503725,5,9
0.3932717125829769,4.429597434503725,5,10
0.034097371609212786,7.672287813637204,5,11
0.034097371609212786,7.672287813637203,5,12
0.06898600626676371,8.859194869007448,5,13
0.03409733288190012,7.672287813637203,5,14
0.06898600626676371,8.859194869007448,5,15
0.03409737160921305,7.672287813637205,5,16
0.031362747931658566,7.927333184396722,5,17
0.01795188026516935,11.032071959143629,5,18
0.031362747931658566,7.927333184396756,5,19
0.29967729129852244,6.574289161930418,5,20
0.2180597577799201,4.857977413792058,5,21
0.03136274793165842,7.927333184396722,5,22
0.03136274793165842,7.9273331843967725,5,23
0.2180597577799201,4.857977413792086,5,24
0.21805975777991995,4.857977413792086,5,25
0.2996772912985225,6.574289161930418,5,26
0.12833427487294116,10.103725960256515,5,27
0.29967729129852233,6.5742891619304595,5,28
0.031362747931658504,7.9273331843967725,5,29
0.031362747931658504,7.9273331843967565,5,30
0.12833427487294122,10.103725960256527,5,31
0.12833427487294122,10.103725960256513,5,32
0.05973663737232274,6.981307568608172,5,33
0.016792921703121286,10.37316999102933,5,34
0.059736637372322696,6.981307568608211,5,35
0.0244259061011115,5.396046880424969,5,36
0.8296582171650062,3.081556182188158,5,37
0.059736637372322786,6.981307568608171,5,38
0.059736637372322786,6.98130756860823,5,39
0.8296582171650062,3.081556182188202,5,40
0.8296582171650061,3.081556182188202,5,41
0.02442590610111139,5.396046880424969,5,42
0.0069779435346577125,9.37983593838558,5,43
0.02442590610111139,5.396046880425019,5,44
0.059736637372322904,6.98130756860823,5,45
0.059736637372322904,6.981307568608211,5,46
0.006977943534657752,9.379835938385595,5,47
0.006977943534657752,9.37983593838558,5,48
0.11656482316962409,7.07446014616612,5,49
0.019248025963597537,9.449373165624088,5,50
0.019248025963597537,9.44937316562411,5,51
0.11656482316962409,7.07446014616613,5,52
0.15533148789184717,3.287144580965208,5,53
0.03417495339290625,5.516035979571814,5,54
0.01924802596359755,9.449373165624088,5,55
0.03417495339290625,5.516035979571838,5,56
0.15533148789184714,3.287144580965229,5,57
0.15533148789184711,3.287144580965208,5,58
0.1165648231696239,7.07446014616612,5,59
0.1165648231696239,7.074460146166149,5,60
0.11656482316962406,7.074460146166149,5,61
0.03417495339290637,5.5160359795718374,5,62
0.11656482316962406,7.074460146166129,5,63
0.03526103144545496,10.436090582923221,5,64
0.046686235128299704,7.337424650224688,5,65
0.008045067189874246,9.647821897259965,5,66
0.008045067189874246,9.647821897259965,5,67
0.046686235128299704,7.337424650224688,5,68
0.022523708854067678,5.849484341885438,5,69
0.04668623512829958,7.337424650224688,5,70
0.020964590792195783,10.616110436172507,5,71
0.04668623512829958,7.337424650224688,5,72
0.046686235128299745,7.337424650224689,5,73
0.046686235128299745,7.337424650224689,5,74
0.14384828252428492,9.647821897259965,5,75
0.14384828252428492,9.647821897259965,5,76
0.020964590792195793,10.616110436172507,5,77
0.008045067189873996,9.647821897259963,5,78
0.020964590792195793,10.616110436172507,5,79
0.1438482825242848,9.647821897259965,5,80
0.393271712582977,4.429597434503725,6,1
0.393271712582977,4.429597434503725,6,2
0.03409733288189999,7.672287813637203,6,3
0.03409733288189999,7.672287813637204,6,4
0.393271712582977,4.429597434503725,6,5
2.4083955725465436,0.0,6,6
0.393271712582977,4.429597434503725,6,7
0.0689860062667635,8.85919486900745,6,8
0.034097371609212786,7.672287813637204,6,9
0.3932717125829768,4.429597434503725,6,10
0.3932717125829769,4.429597434503725,6,11
0.034097371609212786,7.672287813637205,6,12
0.03409737160921305,7.672287813637205,6,13
0.06898600626676371,8.859194869007448,6,14
0.03409733288190012,7.672287813637203,6,15
0.06898600626676371,8.859194869007448,6,16
0.29967729129852244,6.574289161930418,6,17
0.031362747931658566,7.927333184396722,6,18
0.01795188026516935,11.032071959143629,6,19
0.031362747931658566,7.927333184396756,6,20
0.2180597577799201,4.857977413792085,6,21
0.2180597577799201,4.857977413792058,6,22
0.03136274793165842,7.927333184396721,6,23
0.03136274793165842,7.9273331843967725,6,24
0.29967729129852233,6.574289161930459,6,25
0.21805975777991995,4.857977413792086,6,26
0.2996772912985225,6.574289161930418,6,27
0.12833427487294116,10.103725960256515,6,28
0.12833427487294122,10.103725960256513,6,29
0.031362747931658504,7.9273331843967725,6,30
0.031362747931658504,7.9273331843967565,6,31
0.12833427487294122,10.103725960256527,6,32
0.0244259061011115,5.396046880424969,6,33
0.05973663737232274,6.981307568608172,6,34
0.016792921703121286,10.37316999102933,6,35
0.059736637372322696,6.981307568608211,6,36
0.8296582171650062,3.0815561821882014,6,37
0.8296582171650062,3.081556182188158,6,38
0.059736637372322786,6.981307568608171,6,39
0.059736637372322786,6.98130756860823,6,40
0.02442590610111139,5.396046880425018,6,41
0.8296582171650061,3.081556182188202,6,42
0.02442590610111139,5.396046880424969,6,43
0.0069779435346577125,9.37983593838558,6,44
0.006977943534657752,9.37983593838558,6,45
0.059736637372322904,6.98130756860823,6,46
0.059736637372322904,6.981307568608211,6,47
0.006977943534657752,9.379835938385595,6,48
0.11656482316962409,7.07446014616613,6,49
0.11656482316962409,7.07446014616612,6,50
0.019248025963597537,9.449373165624088,6,51
0.019248025963597537,9.44937316562411,6,52
0.03417495339290625,5.516035979571838,6,53
0.15533148789184717,3.287144580965208,6,54
0.03417495339290625,5.516035979571814,6,55
0.01924802596359755,9.449373165624088,6,56
0.1165648231696239,7.074460146166149,6,57
0.15533148789184714,3.287144580965229,6,58
0.15533148789184711,3.287144580965208,6,59
0.1165648231696239,7.07446014616612,6,60
0.03526103144545496,10.436090582923221,6,61
0.11656482316962406,7.074460146166149,6,62
0.03417495339290637,5.5160359795718374,6,63
0.11656482316962406,7.074460146166129,6,64
0.046686235128299704,7.337424650224688,6,65
0.046686235128299704,7.337424650224688,6,66
0.008045067189874246,9.647821897259963,6,67
0.008045067189874246,9.647821897259965,6,68
0.04668623512829958,7.337424650224688,6,69
0.022523708854067678,5.849484341885438,6,70
0.04668623512829958,7.337424650224688,6,71
0.020964590792195783,10.616110436172507,6,72
0.14384828252428492,9.647821897259965,6,73
0.046686235128299745,7.337424650224689,6,74
0.046686235128299745,7.337424650224689,6,75
0.14384828252428492,9.647821897259965,6,76
0.1438482825242848,9.647821897259965,6,77
0.020964590792195793,10.616110436172507,6,78
0.008045067189873996,9.647821897259963,6,79
0.020964590792195793,10.616110436172507,6,80
0.03409733288189999,7.672287813637204,7,1
0.393271712582977,4.429597434503725,7,2
0.393271712582977,4.429597434503724,7,3
0.03409733288189999,7.672287813637203,7,4
0.0689860062667635,8.85919486900745,7,5
0.393271712582977,4.429597434503725,7,6
2.4083955725465436,0.0,7,7
0.393271712582977,4.429597434503725,7,8
0.034097371609212786,7.672287813637205,7,9
0.034097371609212786,7.672287813637204,7,10
0.3932717125829768,4.429597434503725,7,11
0.3932717125829769,4.429597434503726,7,12
0.06898600626676371,8.859194869007448,7,13
0.03409737160921305,7.672287813637205,7,14
0.06898600626676371,8.859194869007448,7,15
0.03409733288190012,7.672287813637203,7,16
0.031362747931658566,7.927333184396756,7,17
0.29967729129852244,6.574289161930418,7,18
0.031362747931658566,7.927333184396722,7,19
0.01795188026516935,11.032071959143629,7,20
0.03136274793165842,7.927333184396772,7,21
0.2180597577799201,4.857977413792085,7,22
0.2180597577799201,4.8579774137920575,7,23
0.03136274793165842,7.927333184396721,7,24
0.12833427487294116,10.103725960256513,7,25
0.29967729129852233,6.574289161930459,7,26
0.21805975777991995,4.857977413792086,7,27
0.2996772912985225,6.574289161930418,7,28
0.12833427487294122,10.103725960256526,7,29
0.12833427487294122,10.103725960256513,7,30
0.031362747931658504,7.9273331843967725,7,31
0.031362747931658504,7.927333184396756,7,32
0.059736637372322696,6.981307568608211,7,33
0.0244259061011115,5.396046880424969,7,34
0.05973663737232274,6.981307568608172,7,35
0.016792921703121286,10.37316999102933,7,36
0.059736637372322786,6.981307568608229,7,37
0.8296582171650062,3.0815561821882014,7,38
0.8296582171650062,3.0815561821881574,7,39
0.059736637372322786,6.981307568608171,7,40
0.0069779435346577125,9.37983593838558,7,41
0.02442590610111139,5.396046880425018,7,42
0.8296582171650061,3.081556182188202,7,43
0.02442590610111139,5.396046880424969,7,44
0.006977943534657752,9.379835938385593,7,45
0.006977943534657752,9.37983593838558,7,46
0.059736637372322904,6.98130756860823,7,47
0.059736637372322904,6.981307568608211,7,48
0.019248025963597537,9.44937316562411,7,49
0.11656482316962409,7.07446014616613,7,50
0.11656482316962409,7.07446014616612,7,51
0.019248025963597537,9.449373165624088,7,52
0.01924802596359755,9.449373165624086,7,53
0.03417495339290625,5.516035979571838,7,54
0.15533148789184717,3.287144580965208,7,55
0.03417495339290625,5.516035979571814,7,56
0.1165648231696239,7.07446014616612,7,57
0.1165648231696239,7.074460146166149,7,58
0.15533148789184714,3.287144580965229,7,59
0.15533148789184711,3.287144580965208,7,60
0.11656482316962406,7.07446014616613,7,61
0.03526103144545496,10.436090582923221,7,62
0.11656482316962406,7.074460146166149,7,63
0.03417495339290637,5.5160359795718374,7,64
0.008045067189874246,9.647821897259965,7,65
0.046686235128299704,7.337424650224688,7,66
0.046686235128299704,7.337424650224688,7,67
0.008045067189874246,9.647821897259963,7,68
0.020964590792195783,10.616110436172507,7,69
0.04668623512829958,7.337424650224688,7,70
0.022523708854067678,5.849484341885438,7,71
0.04668623512829958,7.337424650224688,7,72
0.14384828252428492,9.647821897259965,7,73
0.14384828252428492,9.647821897259965,7,74
0.046686235128299745,7.337424650224689,7,75
0.046686235128299745,7.337424650224689,7,76
0.020964590792195793,10.616110436172507,7,77
0.1438482825242848,9.647821897259965,7,78
0.020964590792195793,10.616110436172507,7,79
0.008045067189873996,9.647821897259963,7,80
0.03409733288189999,7.672287813637203,8,1
0.03409733288189999,7.672287813637204,8,2
0.393271712582977,4.429597434503725,8,3
0.393271712582977,4.429597434503724,8,4
0.393271712582977,4.429597434503725,8,5
0.0689860062667635,8.85919486900745,8,6
0.393271712582977,4.429597434503725,8,7
2.4083955725465436,0.0,8,8
0.3932717125829769,4.429597434503726,8,9
0.034097371609212786,7.672287813637206,8,10
0.034097371609212786,7.672287813637204,8,11
0.3932717125829768,4.429597434503725,8,12
0.03409733288190012,7.672287813637203,8,13
0.06898600626676371,8.85919486900745,8,14
0.03409737160921305,7.672287813637205,8,15
0.06898600626676371,8.859194869007448,8,16
0.01795188026516935,11.032071959143627,8,17
0.031362747931658566,7.927333184396756,8,18
0.29967729129852244,6.574289161930418,8,19
0.031362747931658566,7.927333184396722,8,20
0.03136274793165842,7.927333184396718,8,21
0.03136274793165842,7.927333184396772,8,22
0.2180597577799201,4.857977413792086,8,23
0.2180597577799201,4.8579774137920575,8,24
0.2996772912985225,6.574289161930416,8,25
0.12833427487294116,10.103725960256513,8,26
0.29967729129852233,6.574289161930459,8,27
0.21805975777991995,4.857977413792086,8,28
0.031362747931658504,7.927333184396756,8,29
0.12833427487294122,10.103725960256527,8,30
0.12833427487294122,10.103725960256513,8,31
0.031362747931658504,7.927333184396773,8,32
0.016792921703121286,10.373169991029329,8,33
0.059736637372322696,6.981307568608211,8,34
0.0244259061011115,5.396046880424969,8,35
0.05973663737232274,6.981307568608172,8,36
0.059736637372322786,6.98130756860817,8,37
0.059736637372322786,6.981307568608229,8,38
0.8296582171650062,3.081556182188202,8,39
0.8296582171650062,3.0815561821881574,8,40
0.02442590610111139,5.396046880424968,8,41
0.0069779435346577125,9.37983593838558,8,42
0.02442590610111139,5.396046880425018,8,43
0.8296582171650061,3.081556182188202,8,44
0.059736637372322904,6.9813075686082104,8,45
0.006977943534657752,9.379835938385595,8,46
0.006977943534657752,9.37983593838558,8,47
0.059736637372322904,6.981307568608231,8,48
0.019248025963597537,9.449373165624088,8,49
0.019248025963597537,9.44937316562411,8,50
0.11656482316962409,7.07446014616613,8,51
0.11656482316962409,7.07446014616612,8,52
0.03417495339290625,5.5160359795718135,8,53
0.01924802596359755,9.449373165624088,8,54
0.03417495339290625,5.516035979571838,8,55
0.15533148789184717,3.287144580965208,8,56
0.15533148789184711,3.287144580965208,8,57
0.1165648231696239,7.07446014616612,8,58
0.1165648231696239,7.074460146166149,8,59
0.15533148789184714,3.287144580965229,8,60
0.03417495339290637,5.5160359795718374,8,61
0.11656482316962406,7.074460146166131,8,62
0.03526103144545496,10.436090582923221,8,63
0.11656482316962406,7.074460146166149,8,64
0.008045067189874246,9.647821897259963,8,65
0.008045067189874246,9.647821897259965,8,66
0.046686235128299704,7.337424650224689,8,67
0.046686235128299704,7.337424650224688,8,68
0.04668623512829958,7.337424650224688,8,69
0.020964590792195783,10.616110436172507,8,70
0.04668623512829958,7.337424650224688,8,71
0.022523708854067678,5.849484341885438,8,72
0.046686235128299745,7.337424650224689,8,73
0.14384828252428492,9.647821897259966,8,74
0.14384828252428492,9.647821897259965,8,75
0.046686235128299745,7.337424650224688,8,76
0.008045067189873996,9.647821897259963,8,77
0.020964590792195793,10.616110436172509,8,78
0.1438482825242848,9.647821897259965,8,79
0.020964590792195793,10.616110436172507,8,80
0.06898600626676371,8.85919486900745,9,1
0.03409733288190012,7.672287813637205,9,2
0.06898600626676371,8.85919486900745,9,3
0.03409737160921305,7.672287813637205,9,4
0.393271712582977,4.429597434503725,9,5
0.03409733288189999,7.672287813637204,9,6
0.03409733288189999,7.672287813637204,9,7
0.393271712582977,4.429597434503725,9,8
2.4083955725465436,0.0,9,9
0.393271712582977,4.429597434503725,9,10
0.0689860062667635,8.85919486900745,9,11
0.393271712582977,4.429597434503724,9,12
0.3932717125829768,4.429597434503724,9,13
0.3932717125829769,4.429597434503724,9,14
0.034097371609212786,7.672287813637203,9,15
0.034097371609212786,7.672287813637203,9,16
0.031362747931658504,7.927333184396771,9,17
0.031362747931658504,7.927333184396755,9,18
0.12833427487294122,10.103725960256527,9,19
0.12833427487294122,10.103725960256513,9,20
0.031362747931658566,7.927333184396722,9,21
0.01795188026516935,11.032071959143629,9,22
0.031362747931658566,7.927333184396756,9,23
0.29967729129852244,6.574289161930418,9,24
0.2180597577799201,4.857977413792058,9,25
0.03136274793165842,7.927333184396722,9,26
0.03136274793165842,7.9273331843967725,9,27
0.2180597577799201,4.857977413792086,9,28
0.21805975777991995,4.857977413792086,9,29
0.2996772912985225,6.574289161930418,9,30
0.12833427487294116,10.103725960256515,9,31
0.29967729129852233,6.5742891619304595,9,32
0.059736637372322904,6.981307568608228,9,33
0.059736637372322904,6.98130756860821,9,34
0.006977943534657752,9.379835938385595,9,35
0.006977943534657752,9.37983593838558,9,36
0.05973663737232274,6.981307568608172,9,37
0.016792921703121286,10.37316999102933,9,38
0.059736637372322696,6.981307568608211,9,39
0.0244259061011115,5.396046880424969,9,40
0.8296582171650062,3.0815561821881583,9,41
0.059736637372322786,6.981307568608172,9,42
0.059736637372322786,6.98130756860823,9,43
0.8296582171650062,3.0815561821882023,9,44
0.8296582171650061,3.081556182188202,9,45
0.02442590610111139,5.396046880424969,9,46
0.0069779435346577125,9.37983593838558,9,47
0.02442590610111139,5.396046880425019,9,48
0.11656482316962406,7.074460146166149,9,49
0.03417495339290637,5.5160359795718374,9,50
0.11656482316962406,7.074460146166129,9,51
0.03526103144545496,10.436090582923221,9,52
0.11656482316962409,7.07446014616612,9,53
0.019248025963597537,9.449373165624088,9,54
0.019248025963597537,9.449373165624108,9,55
0.11656482316962409,7.07446014616613,9,56
0.15533148789184717,3.287144580965209,9,57
0.03417495339290625,5.516035979571814,9,58
0.01924802596359755,9.44937316562409,9,59
0.03417495339290625,5.516035979571838,9,60
0.15533148789184714,3.287144580965228,9,61
0.15533148789184711,3.287144580965208,9,62
0.1165648231696239,7.07446014616612,9,63
0.1165648231696239,7.07446014616615,9,64
0.020964590792195793,10.616110436172509,9,65
0.008045067189873996,9.647821897259965,9,66
0.020964590792195793,10.616110436172509,9,67
0.1438482825242848,9.647821897259965,9,68
0.046686235128299704,7.337424650224689,9,69
0.008045067189874246,9.647821897259965,9,70
0.008045067189874246,9.647821897259965,9,71
0.046686235128299704,7.337424650224688,9,72
0.022523708854067678,5.849484341885438,9,73
0.04668623512829958,7.337424650224688,9,74
0.020964590792195783,10.616110436172507,9,75
0.04668623512829958,7.337424650224688,9,76
0.046686235128299745,7.337424650224688,9,77
0.046686235128299745,7.337424650224688,9,78
0.14384828252428492,9.647821897259965,9,79
0.14384828252428492,9.647821897259965,9,80
0.03409737160921305,7.672287813637205,10,1
0.06898600626676371,8.85919486900745,10,2
0.03409733288190012,7.672287813637205,10,3
0.06898600626676371,8.85919486900745,10,4
0.393271712582977,4.429597434503725,10,5
0.393271712582977,4.429597434503725,10,6
0.03409733288189999,7.672287813637204,10,7
0.03409733288189999,7.672287813637203,10,8
0.393271712582977,4.429597434503725,10,9
2.4083955725465436,0.0,10,10
0.393271712582977,4.429597434503725,10,11
0.0689860062667635,8.85919486900745,10,12
0.034097371609212786,7.672287813637203,10,13
0.3932717125829768,4.429597434503724,10,14
0.3932717125829769,4.429597434503724,10,15
0.034097371609212786,7.672287813637203,10,16
0.12833427487294122,10.103725960256513,10,17
0.031362747931658504,7.927333184396771,10,18
0.031362747931658504,7.927333184396755,10,19
0.12833427487294122,10.103725960256527,10,20
0.29967729129852244,6.574289161930418,10,21
0.031362747931658566,7.927333184396722,10,22
0.01795188026516935,11.032071959143627,10,23
0.031362747931658566,7.927333184396756,10,24
0.2180597577799201,4.857977413792086,10,25
0.2180597577799201,4.857977413792058,10,26
0.03136274793165842,7.927333184396722,10,27
0.03136274793165842,7.927333184396773,10,28
0.29967729129852233,6.574289161930459,10,29
0.21805975777991995,4.857977413792086,10,30
0.2996772912985225,6.574289161930418,10,31
0.12833427487294116,10.103725960256513,10,32
0.006977943534657752,9.37983593838558,10,33
0.059736637372322904,6.981307568608228,10,34
0.059736637372322904,6.98130756860821,10,35
0.006977943534657752,9.379835938385595,10,36
0.0244259061011115,5.396046880424969,10,37
0.05973663737232274,6.981307568608172,10,38
0.016792921703121286,10.373169991029329,10,39
0.059736637372322696,6.981307568608211,10,40
0.8296582171650062,3.081556182188202,10,41
0.8296582171650062,3.0815561821881583,10,42
0.059736637372322786,6.981307568608172,10,43
0.059736637372322786,6.981307568608231,10,44
0.02442590610111139,5.396046880425018,10,45
0.8296582171650061,3.081556182188202,10,46
0.02442590610111139,5.396046880424969,10,47
0.0069779435346577125,9.37983593838558,10,48
0.03526103144545496,10.43609058292322,10,49
0.11656482316962406,7.074460146166149,10,50
0.03417495339290637,5.5160359795718374,10,51
0.11656482316962406,7.074460146166129,10,52
0.11656482316962409,7.07446014616613,10,53
0.11656482316962409,7.07446014616612,10,54
0.019248025963597537,9.449373165624088,10,55
0.019248025963597537,9.449373165624108,10,56
0.03417495339290625,5.516035979571838,10,57
0.15533148789184717,3.287144580965209,10,58
0.03417495339290625,5.516035979571814,10,59
0.01924802596359755,9.449373165624086,10,60
0.1165648231696239,7.074460146166149,10,61
0.15533148789184714,3.287144580965228,10,62
0.15533148789184711,3.287144580965208,10,63
0.1165648231696239,7.07446014616612,10,64
0.1438482825242848,9.647821897259965,10,65
0.020964590792195793,10.616110436172509,10,66
0.008045067189873996,9.647821897259965,10,67
0.020964590792195793,10.616110436172509,10,68
0.046686235128299704,7.337424650224689,10,69
0.046686235128299704,7.337424650224689,10,70
0.008045067189874246,9.647821897259965,10,71
0.008045067189874246,9.647821897259965,10,72
0.04668623512829958,7.337424650224688,10,73
0.022523708854067678,5.849484341885438,10,74
0.04668623512829958,7.337424650224688,10,75
0.020964590792195783,10.616110436172507,10,76
0.14384828252428492,9.647821897259965,10,77
0.046686235128299745,7.337424650224688,10,78
0.046686235128299745,7.337424650224688,10,79
0.14384828252428492,9.647821897259965,10,80
0.06898600626676371,8.85919486900745,11,1
0.03409737160921305,7.672287813637205,11,2
0.06898600626676371,8.85919486900745,11,3
0.03409733288190012,7.672287813637205,11,4
0.03409733288189999,7.672287813637204,11,5
0.393271712582977,4.429597434503725,11,6
0.393271712582977,4.429597434503725,11,7
0.03409733288189999,7.672287813637204,11,8
0.0689860062667635,8.85919486900745,11,9
0.393271712582977,4.429597434503725,11,10
2.4083955725465436,0.0,11,11
0.393271712582977,4.429597434503726,11,12
0.034097371609212786,7.672287813637203,11,13
0.034097371609212786,7.672287813637203,11,14
0.3932717125829768,4.429597434503724,11,15
0.3932717125829769,4.429597434503724,11,16
0.12833427487294122,10.103725960256526,11,17
0.12833427487294122,10.103725960256513,11,18
0.031362747931658504,7.927333184396771,11,19
0.031362747931658504,7.927333184396755,11,20
0.031362747931658566,7.927333184396756,11,21
0.29967729129852244,6.574289161930418,11,22
0.031362747931658566,7.927333184396722,11,23
0.01795188026516935,11.032071959143627,11,24
0.03136274793165842,7.9273331843967725,11,25
0.2180597577799201,4.857977413792086,11,26
0.2180597577799201,4.857977413792058,11,27
0.03136274793165842,7.927333184396722,11,28
0.12833427487294116,10.103725960256513,11,29
0.29967729129852233,6.574289161930459,11,30
0.21805975777991995,4.857977413792086,11,31
0.2996772912985225,6.574289161930418,11,32
0.006977943534657752,9.379835938385593,11,33
0.006977943534657752,9.37983593838558,11,34
0.059736637372322904,6.981307568608228,11,35
0.059736637372322904,6.98130756860821,11,36
0.059736637372322696,6.981307568608211,11,37
0.0244259061011115,5.396046880424969,11,38
0.05973663737232274,6.981307568608171,11,39
0.016792921703121286,10.373169991029329,11,40
0.059736637372322786,6.98130756860823,11,41
0.8296582171650062,3.081556182188202,11,42
0.8296582171650062,3.0815561821881583,11,43
0.059736637372322786,6.981307568608172,11,44
0.0069779435346577125,9.37983593838558,11,45
0.02442590610111139,5.396046880425018,11,46
0.8296582171650061,3.081556182188202,11,47
0.02442590610111139,5.396046880424968,11,48
0.11656482316962406,7.074460146166129,11,49
0.03526103144545496,10.436090582923221,11,50
0.11656482316962406,7.074460146166149,11,51
0.03417495339290637,5.5160359795718374,11,52
0.019248025963597537,9.449373165624108,11,53
0.11656482316962409,7.07446014616613,11,54
0.11656482316962409,7.07446014616612,11,55
0.019248025963597537,9.449373165624088,11,56
0.01924802596359755,9.44937316562409,11,57
0.03417495339290625,5.516035979571838,11,58
0.15533148789184717,3.287144580965209,11,59
0.03417495339290625,5.516035979571814,11,60
0.1165648231696239,7.074460146166121,11,61
0.1165648231696239,7.074460146166149,11,62
0.15533148789184714,3.287144580965228,11,63
0.15533148789184711,3.287144580965208,11,64
0.020964590792195793,10.616110436172509,11,65
0.1438482825242848,9.647821897259965,11,66
0.020964590792195793,10.616110436172509,11,67
0.008045067189873996,9.647821897259965,11,68
0.008045067189874246,9.647821897259965,11,69
0.046686235128299704,7.337424650224689,11,70
0.046686235128299704,7.337424650224689,11,71
0.008045067189874246,9.647821897259965,11,72
0.020964590792195783,10.616110436172507,11,73
0.04668623512829958,7.337424650224688,11,74
0.022523708854067678,5.849484341885438,11,75
0.04668623512829958,7.337424650224689,11,76
0.14384828252428492,9.647821897259965,11,77
0.14384828252428492,9.647821897259965,11,78
0.046686235128299745,7.337424650224688,11,79
0.046686235128299745,7.337424650224688,11,80
0.03409733288190012,7.672287813637205,12,1
0.06898600626676371,8.859194869007451,12,2
0.03409737160921305,7.672287813637205,12,3
0.06898600626676371,8.85919486900745,12,4
0.03409733288189999,7.672287813637203,12,5
0.03409733288189999,7.672287813637205,12,6
0.393271712582977,4.429597434503726,12,7
0.393271712582977,4.429597434503725,12,8
0.393271712582977,4.429597434503725,12,9
0.0689860062667635,8.85919486900745,12,10
0.393271712582977,4.429597434503726,12,11
2.4083955725465436,0.0,12,12
0.3932717125829769,4.429597434503723,12,13
0.034097371609212786,7.672287813637204,12,14
0.034097371609212786,7.672287813637204,12,15
0.3932717125829768,4.429597434503724,12,16
0.031362747931658504,7.927333184396754,12,17
0.12833427487294122,10.103725960256526,12,18
0.12833427487294122,10.103725960256513,12,19
0.031362747931658504,7.927333184396772,12,20
0.01795188026516935,11.032071959143625,12,21
0.031362747931658566,7.927333184396756,12,22
0.29967729129852244,6.574289161930418,12,23
0.031362747931658566,7.927333184396721,12,24
0.03136274793165842,7.92733318439672,12,25
0.03136274793165842,7.927333184396773,12,26
0.2180597577799201,4.857977413792086,12,27
0.2180597577799201,4.8579774137920575,12,28
0.2996772912985225,6.574289161930415,12,29
0.12833427487294116,10.103725960256515,12,30
0.29967729129852233,6.5742891619304595,12,31
0.21805975777991995,4.857977413792086,12,32
0.059736637372322904,6.981307568608209,12,33
0.006977943534657752,9.379835938385593,12,34
0.006977943534657752,9.37983593838558,12,35
0.059736637372322904,6.981307568608229,12,36
0.016792921703121286,10.373169991029327,12,37
0.059736637372322696,6.981307568608211,12,38
0.0244259061011115,5.396046880424969,12,39
0.05973663737232274,6.981307568608171,12,40
0.059736637372322786,6.98130756860817,12,41
0.059736637372322786,6.981307568608231,12,42
0.8296582171650062,3.0815561821882023,12,43
0.8296582171650062,3.081556182188158,12,44
0.02442590610111139,5.396046880424966,12,45
0.0069779435346577125,9.37983593838558,12,46
0.02442590610111139,5.396046880425019,12,47
0.8296582171650061,3.081556182188202,12,48
0.03417495339290637,5.5160359795718374,12,49
0.11656482316962406,7.07446014616613,12,50
0.03526103144545496,10.43609058292322,12,51
0.11656482316962406,7.074460146166149,12,52
0.019248025963597537,9.449373165624086,12,53
0.019248025963597537,9.449373165624108,12,54
0.11656482316962409,7.07446014616613,12,55
0.11656482316962409,7.07446014616612,12,56
0.03417495339290625,5.5160359795718135,12,57
0.01924802596359755,9.449373165624086,12,58
0.03417495339290625,5.516035979571839,12,59
0.15533148789184717,3.287144580965209,12,60
0.15533148789184711,3.287144580965208,12,61
0.1165648231696239,7.074460146166122,12,62
0.1165648231696239,7.07446014616615,12,63
0.15533148789184714,3.287144580965229,12,64
0.008045067189873996,9.647821897259965,12,65
0.020964590792195793,10.616110436172509,12,66
0.1438482825242848,9.647821897259965,12,67
0.020964590792195793,10.616110436172507,12,68
0.008045067189874246,9.647821897259965,12,69
0.008045067189874246,9.647821897259965,12,70
0.046686235128299704,7.337424650224689,12,71
0.046686235128299704,7.337424650224688,12,72
0.04668623512829958,7.337424650224688,12,73
0.020964590792195783,10.616110436172507,12,74
0.04668623512829958,7.337424650224689,12,75
0.022523708854067678,5.849484341885438,12,76
0.046686235128299745,7.337424650224688,12,77
0.14384828252428492,9.647821897259965,12,78
0.14384828252428492,9.647821897259965,12,79
0.046686235128299745,7.337424650224688,12,80
0.3932717125829768,4.429597434503727,13,1
0.3932717125829769,4.429597434503727,13,2
0.034097371609212786,7.672287813637205,13,3
0.034097371609212786,7.672287813637204,13,4
0.06898600626676371,8.859194869007448,13,5
0.03409733288190012,7.672287813637203,13,6
0.06898600626676371,8.859194869007448,13,7
0.03409737160921305,7.672287813637203,13,8
0.393271712582977,4.429597434503724,13,9
0.03409733288189999,7.672287813637203,13,10
0.03409733288189999,7.672287813637202,13,11
0.393271712582977,4.429597434503723,13,12
2.4083955725465436,0.0,13,13
0.393271712582977,4.429597434503725,13,14
0.0689860062667635,8.85919486900745,13,15
0.393271712582977,4.429597434503725,13,16
0.21805975777991995,4.857977413792086,13,17
0.2996772912985225,6.574289161930418,13,18
0.12833427487294116,10.103725960256515,13,19
0.29967729129852233,6.574289161930459,13,20
0.031362747931658504,7.927333184396773,13,21
0.031362747931658504,7.9273331843967565,13,22
0.12833427487294122,10.103725960256527,13,23
0.12833427487294122,10.103725960256513,13,24
0.031362747931658566,7.927333184396721,13,25
0.01795188026516935,11.032071959143629,13,26
0.031362747931658566,7.927333184396755,13,27
0.29967729129852244,6.574289161930417,13,28
0.2180597577799201,4.8579774137920575,13,29
0.03136274793165842,7.927333184396722,13,30
0.03136274793165842,7.9273331843967725,13,31
0.2180597577799201,4.857977413792085,13,32
0.8296582171650061,3.081556182188202,13,33
0.02442590610111139,5.396046880424969,13,34
0.0069779435346577125,9.37983593838558,13,35
0.02442590610111139,5.396046880425018,13,36
0.059736637372322904,6.981307568608231,13,37
0.059736637372322904,6.981307568608211,13,38
0.006977943534657752,9.379835938385595,13,39
0.006977943534657752,9.37983593838558,13,40
0.05973663737232274,6.981307568608171,13,41
0.016792921703121286,10.373169991029329,13,42
0.059736637372322696,6.98130756860821,13,43
0.0244259061011115,5.396046880424968,13,44
0.8296582171650062,3.081556182188158,13,45
0.059736637372322786,6.981307568608171,13,46
0.059736637372322786,6.98130756860823,13,47
0.8296582171650062,3.081556182188202,13,48
0.15533148789184714,3.287144580965229,13,49
0.15533148789184711,3.287144580965209,13,50
0.1165648231696239,7.07446014616612,13,51
0.1165648231696239,7.074460146166149,13,52
0.11656482316962406,7.074460146166149,13,53
0.03417495339290637,5.5160359795718374,13,54
0.11656482316962406,7.074460146166129,13,55
0.03526103144545496,10.43609058292322,13,56
0.11656482316962409,7.074460146166119,13,57
0.019248025963597537,9.449373165624086,13,58
0.019248025963597537,9.449373165624108,13,59
0.11656482316962409,7.074460146166129,13,60
0.15533148789184717,3.287144580965208,13,61
0.03417495339290625,5.5160359795718135,13,62
0.01924802596359755,9.449373165624088,13,63
0.03417495339290625,5.516035979571838,13,64
0.046686235128299745,7.337424650224689,13,65
0.046686235128299745,7.33742465022469,13,66
0.14384828252428492,9.647821897259965,13,67
0.14384828252428492,9.647821897259965,13,68
0.020964590792195793,10.616110436172507,13,69
0.008045067189873996,9.647821897259963,13,70
0.020964590792195793,10.616110436172507,13,71
0.1438482825242848,9.647821897259963,13,72
0.046686235128299704,7.337424650224688,13,73
0.008045067189874246,9.647821897259965,13,74
0.008045067189874246,9.647821897259963,13,75
0.046686235128299704,7.337424650224688,13,76
0.022523708854067678,5.849484341885438,13,77
0.04668623512829958,7.337424650224688,13,78
0.020964590792195783,10.616110436172507,13,79
0.04668623512829958,7.337424650224688,13,80
0.034097371609212786,7.672287813637204,14,1
0.3932717125829768,4.429597434503727,14,2
0.3932717125829769,4.429597434503727,14,3
0.034097371609212786,7.672287813637205,14,4
0.03409737160921305,7.672287813637203,14,5
0.06898600626676371,8.859194869007448,14,6
0.03409733288190012,7.672287813637203,14,7
0.06898600626676371,8.859194869007448,14,8
0.393271712582977,4.429597434503724,14,9
0.393271712582977,4.429597434503724,14,10
0.03409733288189999,7.672287813637203,14,11
0.03409733288189999,7.672287813637202,14,12
0.393271712582977,4.429597434503725,14,13
2.4083955725465436,0.0,14,14
0.393271712582977,4.429597434503725,14,15
0.0689860062667635,8.85919486900745,14,16
0.29967729129852233,6.574289161930459,14,17
0.21805975777991995,4.857977413792086,14,18
0.2996772912985225,6.574289161930418,14,19
0.12833427487294116,10.103725960256515,14,20
0.12833427487294122,10.103725960256513,14,21
0.031362747931658504,7.9273331843967725,14,22
0.031362747931658504,7.9273331843967565,14,23
0.12833427487294122,10.103725960256527,14,24
0.29967729129852244,6.574289161930417,14,25
0.031362747931658566,7.927333184396721,14,26
0.01795188026516935,11.032071959143629,14,27
0.031362747931658566,7.927333184396756,14,28
0.2180597577799201,4.857977413792085,14,29
0.2180597577799201,4.8579774137920575,14,30
0.03136274793165842,7.927333184396722,14,31
0.03136274793165842,7.9273331843967725,14,32
0.02442590610111139,5.396046880425018,14,33
0.8296582171650061,3.081556182188202,14,34
0.02442590610111139,5.396046880424969,14,35
0.0069779435346577125,9.37983593838558,14,36
0.006977943534657752,9.37983593838558,14,37
0.059736637372322904,6.98130756860823,14,38
0.059736637372322904,6.981307568608211,14,39
0.006977943534657752,9.379835938385595,14,40
0.0244259061011115,5.396046880424968,14,41
0.05973663737232274,6.981307568608171,14,42
0.016792921703121286,10.373169991029329,14,43
0.059736637372322696,6.9813075686082104,14,44
0.8296582171650062,3.081556182188201,14,45
0.8296582171650062,3.081556182188158,14,46
0.059736637372322786,6.981307568608171,14,47
0.059736637372322786,6.98130756860823,14,48
0.1165648231696239,7.074460146166149,14,49
0.15533148789184714,3.287144580965229,14,50
0.15533148789184711,3.287144580965209,14,51
0.1165648231696239,7.07446014616612,14,52
0.03526103144545496,10.43609058292322,14,53
0.11656482316962406,7.074460146166149,14,54
0.03417495339290637,5.5160359795718374,14,55
0.11656482316962406,7.074460146166129,14,56
0.11656482316962409,7.074460146166129,14,57
0.11656482316962409,7.074460146166119,14,58
0.019248025963597537,9.449373165624086,14,59
0.019248025963597537,9.449373165624108,14,60
0.03417495339290625,5.5160359795718374,14,61
0.15533148789184717,3.287144580965208,14,62
0.03417495339290625,5.5160359795718135,14,63
0.01924802596359755,9.449373165624088,14,64
0.14384828252428492,9.647821897259965,14,65
0.046686235128299745,7.33742465022469,14,66
0.046686235128299745,7.33742465022469,14,67
0.14384828252428492,9.647821897259965,14,68
0.1438482825242848,9.647821897259963,14,69
0.020964590792195793,10.616110436172507,14,70
0.008045067189873996,9.647821897259963,14,71
0.020964590792195793,10.616110436172507,14,72
0.046686235128299704,7.337424650224688,14,73
0.046686235128299704,7.337424650224688,14,74
0.008045067189874246,9.647821897259965,14,75
0.008045067189874246,9.647821897259963,14,76
0.04668623512829958,7.337424650224688,14,77
0.022523708854067678,5.849484341885438,14,78
0.04668623512829958,7.337424650224688,14,79
0.020964590792195783,10.616110436172507,14,80
0.034097371609212786,7.6722878136372055,15,1
0.034097371609212786,7.672287813637205,15,2
0.3932717125829768,4.429597434503727,15,3
0.3932717125829769,4.429597434503727,15,4
0.06898600626676371,8.859194869007448,15,5
0.03409737160921305,7.672287813637203,15,6
0.06898600626676371,8.859194869007448,15,7
0.03409733288190012,7.672287813637203,15,8
0.03409733288189999,7.672287813637203,15,9
0.393271712582977,4.429597434503724,15,10
0.393271712582977,4.429597434503724,15,11
0.03409733288189999,7.672287813637204,15,12
0.0689860062667635,8.85919486900745,15,13
0.393271712582977,4.429597434503725,15,14
2.4083955725465436,0.0,15,15
0.393271712582977,4.429597434503725,15,16
0.12833427487294116,10.103725960256513,15,17
0.29967729129852233,6.574289161930459,15,18
0.21805975777991995,4.857977413792086,15,19
0.2996772912985225,6.574289161930418,15,20
0.12833427487294122,10.103725960256526,15,21
0.12833427487294122,10.103725960256513,15,22
0.031362747931658504,7.9273331843967725,15,23
0.031362747931658504,7.9273331843967565,15,24
0.031362747931658566,7.927333184396755,15,25
0.29967729129852244,6.574289161930417,15,26
0.031362747931658566,7.927333184396721,15,27
0.01795188026516935,11.032071959143629,15,28
0.03136274793165842,7.927333184396772,15,29
0.2180597577799201,4.857977413792085,15,30
0.2180597577799201,4.8579774137920575,15,31
0.03136274793165842,7.927333184396721,15,32
0.0069779435346577125,9.37983593838558,15,33
0.02442590610111139,5.396046880425018,15,34
0.8296582171650061,3.081556182188202,15,35
0.02442590610111139,5.396046880424969,15,36
0.006977943534657752,9.379835938385593,15,37
0.006977943534657752,9.37983593838558,15,38
0.059736637372322904,6.98130756860823,15,39
0.059736637372322904,6.981307568608211,15,40
0.059736637372322696,6.98130756860821,15,41
0.0244259061011115,5.396046880424968,15,42
0.05973663737232274,6.981307568608171,15,43
0.016792921703121286,10.373169991029329,15,44
0.059736637372322786,6.981307568608229,15,45
0.8296582171650062,3.081556182188201,15,46
0.8296582171650062,3.081556182188158,15,47
0.059736637372322786,6.981307568608171,15,48
0.1165648231696239,7.07446014616612,15,49
0.1165648231696239,7.074460146166149,15,50
0.15533148789184714,3.287144580965229,15,51
0.15533148789184711,3.287144580965209,15,52
0.11656482316962406,7.074460146166129,15,53
0.03526103144545496,10.43609058292322,15,54
0.11656482316962406,7.074460146166149,15,55
0.03417495339290637,5.5160359795718374,15,56
0.019248025963597537,9.449373165624108,15,57
0.11656482316962409,7.074460146166129,15,58
0.11656482316962409,7.074460146166119,15,59
0.019248025963597537,9.449373165624086,15,60
0.01924802596359755,9.449373165624088,15,61
0.03417495339290625,5.5160359795718374,15,62
0.15533148789184717,3.287144580965208,15,63
0.03417495339290625,5.5160359795718135,15,64
0.14384828252428492,9.647821897259965,15,65
0.14384828252428492,9.647821897259965,15,66
0.046686235128299745,7.33742465022469,15,67
0.046686235128299745,7.33742465022469,15,68
0.020964590792195793,10.616110436172507,15,69
0.1438482825242848,9.647821897259963,15,70
0.020964590792195793,10.616110436172507,15,71
0.008045067189873996,9.647821897259963,15,72
0.008045067189874246,9.647821897259965,15,73
0.046686235128299704,7.337424650224688,15,74
0.046686235128299704,7.337424650224688,15,75
0.008045067189874246,9.647821897259965,15,76
0.020964590792195783,10.616110436172507,15,77
0.04668623512829958,7.337424650224688,15,78
0.022523708854067678,5.849484341885438,15,79
0.04668623512829958,7.337424650224688,15,80
0.3932717125829769,4.4295974345037274,16,1
0.034097371609212786,7.672287813637207,16,2
0.034097371609212786,7.672287813637205,16,3
0.3932717125829768,4.429597434503727,16,4
0.03409733288190012,7.672287813637203,16,5
0.06898600626676371,8.859194869007448,16,6
0.03409737160921305,7.672287813637203,16,7
0.06898600626676371,8.859194869007448,16,8
0.03409733288189999,7.672287813637204,16,9
0.03409733288189999,7.672287813637203,16,10
0.393271712582977,4.429597434503724,16,11
0.393271712582977,4.429597434503724,16,12
0.393271712582977,4.429597434503725,16,13
0.0689860062667635,8.85919486900745,16,14
0.393271712582977,4.429597434503725,16,15
2.4083955725465436,0.0,16,16
0.2996772912985225,6.574289161930416,16,17
0.12833427487294116,10.103725960256515,16,18
0.29967729129852233,6.574289161930459,16,19
0.21805975777991995,4.857977413792086,16,20
0.031362747931658504,7.927333184396756,16,21
0.12833427487294122,10.103725960256527,16,22
0.12833427487294122,10.103725960256513,16,23
0.031362747931658504,7.9273331843967725,16,24
0.01795188026516935,11.032071959143627,16,25
0.031362747931658566,7.927333184396755,16,26
0.29967729129852244,6.574289161930417,16,27
0.031362747931658566,7.927333184396721,16,28
0.03136274793165842,7.927333184396718,16,29
0.03136274793165842,7.927333184396772,16,30
0.2180597577799201,4.857977413792085,16,31
0.2180597577799201,4.8579774137920575,16,32
0.02442590610111139,5.396046880424968,16,33
0.0069779435346577125,9.37983593838558,16,34
0.02442590610111139,5.396046880425018,16,35
0.8296582171650061,3.081556182188202,16,36
0.059736637372322904,6.9813075686082104,16,37
0.006977943534657752,9.379835938385595,16,38
0.006977943534657752,9.37983593838558,16,39
0.059736637372322904,6.98130756860823,16,40
0.016792921703121286,10.373169991029329,16,41
0.059736637372322696,6.98130756860821,16,42
0.0244259061011115,5.396046880424968,16,43
0.05973663737232274,6.981307568608171,16,44
0.059736637372322786,6.98130756860817,16,45
0.059736637372322786,6.981307568608229,16,46
0.8296582171650062,3.081556182188201,16,47
0.8296582171650062,3.0815561821881565,16,48
0.15533148789184711,3.287144580965209,16,49
0.1165648231696239,7.074460146166122,16,50
0.1165648231696239,7.074460146166149,16,51
0.15533148789184714,3.287144580965229,16,52
0.03417495339290637,5.5160359795718374,16,53
0.11656482316962406,7.07446014616613,16,54
0.03526103144545496,10.43609058292322,16,55
0.11656482316962406,7.074460146166149,16,56
0.019248025963597537,9.449373165624086,16,57
0.019248025963597537,9.449373165624108,16,58
0.11656482316962409,7.074460146166129,16,59
0.11656482316962409,7.074460146166119,16,60
0.03417495339290625,5.516035979571814,16,61
0.01924802596359755,9.44937316562409,16,62
0.03417495339290625,5.5160359795718374,16,63
0.15533148789184717,3.287144580965208,16,64
0.046686235128299745,7.33742465022469,16,65
0.14384828252428492,9.647821897259966,16,66
0.14384828252428492,9.647821897259965,16,67
0.046686235128299745,7.33742465022469,16,68
0.008045067189873996,9.647821897259963,16,69
0.020964590792195793,10.616110436172507,16,70
0.1438482825242848,9.647821897259963,16,71
0.020964590792195793,10.616110436172507,16,72
0.008045067189874246,9.647821897259965,16,73
0.008045067189874246,9.647821897259965,16,74
0.046686235128299704,7.337424650224688,16,75
0.046686235128299704,7.337424650224688,16,76
0.04668623512829958,7.337424650224688,16,77
0.020964590792195783,10.616110436172507,16,78
0.04668623512829958,7.337424650224688,16,79
0.022523708854067678,5.849484341885438,16,80
0.2180597577799201,4.857977413792058,17,1
0.2180597577799201,4.857977413792085,17,2
0.03136274793165842,7.927333184396772,17,3
0.03136274793165842,7.927333184396722,17,4
0.031362747931658566,7.927333184396722,17,5
0.2996772912985223,6.574289161930418,17,6
0.031362747931658566,7.927333184396756,17,7
0.01795188026516935,11.032071959143627,17,8
0.031362747931658504,7.9273331843967725,17,9
0.12833427487294122,10.103725960256513,17,10
0.12833427487294122,10.103725960256527,17,11
0.031362747931658504,7.927333184396756,17,12
0.21805975777991995,4.857977413792086,17,13
0.2996772912985225,6.574289161930459,17,14
0.12833427487294116,10.103725960256515,17,15
0.29967729129852233,6.574289161930418,17,16
2.408395572546543,0.0,17,17
0.393271712582977,4.429597434503725,17,18
0.0689860062667635,8.85919486900745,17,19
0.39327171258297705,4.429597434503725,17,20
0.393271712582977,4.429597434503725,17,21
0.39327171258297683,4.429597434503725,17,22
0.03409733288189999,7.672287813637203,17,23
0.03409733288189999,7.672287813637205,17,24
0.06898600626676371,8.85919486900745,17,25
0.03409737160921305,7.672287813637204,17,26
0.06898600626676371,8.85919486900745,17,27
0.03409733288190012,7.672287813637204,17,28
0.3932717125829769,4.429597434503724,17,29
0.034097371609212786,7.672287813637203,17,30
0.034097371609212786,7.672287813637204,17,31
0.3932717125829768,4.429597434503725,17,32
0.022523708854067678,5.849484341885438,17,33
0.04668623512829958,7.337424650224688,17,34
0.020964590792195783,10.616110436172507,17,35
0.04668623512829958,7.337424650224688,17,36
0.046686235128299704,7.337424650224689,17,37
0.046686235128299704,7.337424650224689,17,38
0.008045067189874246,9.647821897259965,17,39
0.008045067189874246,9.647821897259965,17,40
0.020964590792195793,10.616110436172507,17,41
0.1438482825242848,9.647821897259965,17,42
0.020964590792195793,10.616110436172507,17,43
0.008045067189873996,9.647821897259965,17,44
0.046686235128299745,7.337424650224688,17,45
0.14384828252428514,9.647821897259963,17,46
0.14384828252428492,9.647821897259965,17,47
0.046686235128299745,7.337424650224688,17,48
0.15533148789184711,3.28714458096521,17,49
0.15533148789184714,3.2871445809652298,17,50
0.1165648231696239,7.074460146166149,17,51
0.11656482316962395,7.074460146166121,17,52
0.03417495339290625,5.516035979571814,17,53
0.15533148789184717,3.28714458096521,17,54
0.03417495339290625,5.516035979571839,17,55
0.01924802596359755,9.449373165624088,17,56
0.019248025963597537,9.449373165624088,17,57
0.11656482316962409,7.074460146166121,17,58
0.11656482316962405,7.07446014616613,17,59
0.019248025963597537,9.44937316562411,17,60
0.03417495339290637,5.516035979571838,17,61
0.11656482316962406,7.074460146166149,17,62
0.03526103144545496,10.436090582923221,17,63
0.11656482316962406,7.07446014616613,17,64
0.8296582171650062,3.0815561821881583,17,65
0.8296582171650061,3.081556182188202,17,66
0.059736637372322786,6.981307568608229,17,67
0.059736637372322786,6.981307568608172,17,68
0.05973663737232284,6.981307568608172,17,69
0.0244259061011115,5.396046880424969,17,70
0.059736637372322585,6.981307568608211,17,71
0.016792921703121286,10.373169991029329,17,72
0.059736637372322904,6.98130756860823,17,73
0.006977943534657752,9.37983593838558,17,74
0.006977943534657752,9.379835938385595,17,75
0.05973663737232272,6.981307568608211,17,76
0.8296582171650061,3.081556182188202,17,77
0.02442590610111139,5.396046880425018,17,78
0.0069779435346577125,9.37983593838558,17,79
0.02442590610111139,5.396046880424969,17,80
0.03136274793165842,7.927333184396722,18,1
0.2180597577799201,4.857977413792058,18,2
0.2180597577799201,4.857977413792085,18,3
0.03136274793165842,7.927333184396772,18,4
0.01795188026516935,11.032071959143629,18,5
0.031362747931658566,7.927333184396722,18,6
0.2996772912985223,6.574289161930418,18,7
0.031362747931658566,7.927333184396756,18,8
0.031362747931658504,7.9273331843967565,18,9
0.031362747931658504,7.927333184396773,18,10
0.12833427487294122,10.103725960256513,18,11
0.12833427487294122,10.103725960256527,18,12
0.29967729129852233,6.574289161930418,18,13
0.21805975777991995,4.857977413792086,18,14
0.2996772912985225,6.574289161930459,18,15
0.12833427487294116,10.103725960256515,18,16
0.39327171258297705,4.429597434503725,18,17
2.408395572546543,0.0,18,18
0.393271712582977,4.429597434503725,18,19
0.0689860062667635,8.85919486900745,18,20
0.03409733288189999,7.672287813637204,18,21
0.393271712582977,4.429597434503725,18,22
0.39327171258297683,4.429597434503725,18,23
0.03409733288189999,7.672287813637203,18,24
0.03409733288190012,7.672287813637204,18,25
0.06898600626676371,8.85919486900745,18,26
0.03409737160921305,7.672287813637204,18,27
0.06898600626676371,8.85919486900745,18,28
0.3932717125829768,4.429597434503724,18,29
0.3932717125829769,4.429597434503724,18,30
0.034097371609212786,7.672287813637203,18,31
0.034097371609212786,7.672287813637204,18,32
0.04668623512829958,7.337424650224688,18,33
0.022523708854067678,5.849484341885438,18,34
0.04668623512829958,7.337424650224688,18,35
0.020964590792195783,10.616110436172507,18,36
0.008045067189874246,9.647821897259965,18,37
0.046686235128299704,7.337424650224689,18,38
0.046686235128299704,7.337424650224688,18,39
0.008045067189874246,9.647821897259965,18,40
0.008045067189873996,9.647821897259965,18,41
0.020964590792195793,10.616110436172507,18,42
0.1438482825242848,9.647821897259965,18,43
0.020964590792195793,10.616110436172507,18,44
0.046686235128299745,7.337424650224688,18,45
0.046686235128299745,7.337424650224688,18,46
0.14384828252428514,9.647821897259963,18,47
0.14384828252428492,9.647821897259965,18,48
0.11656482316962395,7.074460146166121,18,49
0.15533148789184711,3.28714458096521,18,50
0.15533148789184714,3.2871445809652298,18,51
0.1165648231696239,7.074460146166149,18,52
0.01924802596359755,9.449373165624088,18,53
0.03417495339290625,5.516035979571814,18,54
0.15533148789184717,3.28714458096521,18,55
0.03417495339290625,5.51603597957184,18,56
0.019248025963597537,9.44937316562411,18,57
0.019248025963597537,9.449373165624088,18,58
0.11656482316962409,7.074460146166121,18,59
0.11656482316962405,7.07446014616613,18,60
0.11656482316962406,7.07446014616613,18,61
0.03417495339290637,5.516035979571838,18,62
0.11656482316962406,7.074460146166149,18,63
0.03526103144545496,10.436090582923221,18,64
0.059736637372322786,6.981307568608172,18,65
0.8296582171650062,3.0815561821881583,18,66
0.8296582171650061,3.081556182188201,18,67
0.059736637372322786,6.981307568608229,18,68
0.016792921703121286,10.37316999102933,18,69
0.05973663737232284,6.981307568608172,18,70
0.0244259061011115,5.396046880424969,18,71
0.059736637372322585,6.981307568608211,18,72
0.05973663737232272,6.981307568608211,18,73
0.059736637372322904,6.981307568608231,18,74
0.006977943534657752,9.37983593838558,18,75
0.006977943534657752,9.379835938385595,18,76
0.02442590610111139,5.396046880424969,18,77
0.8296582171650061,3.081556182188202,18,78
0.02442590610111139,5.396046880425018,18,79
0.0069779435346577125,9.37983593838558,18,80
0.03136274793165842,7.927333184396772,19,1
0.03136274793165842,7.927333184396722,19,2
0.2180597577799201,4.857977413792058,19,3
0.2180597577799201,4.857977413792085,19,4
0.031362747931658566,7.927333184396756,19,5
0.01795188026516935,11.032071959143629,19,6
0.031362747931658566,7.927333184396722,19,7
0.2996772912985223,6.574289161930418,19,8
0.12833427487294122,10.103725960256527,19,9
0.031362747931658504,7.927333184396756,19,10
0.031362747931658504,7.927333184396773,19,11
0.12833427487294122,10.103725960256513,19,12
0.12833427487294116,10.103725960256515,19,13
0.29967729129852233,6.574289161930418,19,14
0.21805975777991995,4.857977413792086,19,15
0.2996772912985225,6.574289161930459,19,16
0.0689860062667635,8.859194869007448,19,17
0.39327171258297705,4.429597434503725,19,18
2.408395572546543,0.0,19,19
0.393271712582977,4.429597434503725,19,20
0.03409733288189999,7.672287813637202,19,21
0.03409733288189999,7.672287813637204,19,22
0.393271712582977,4.429597434503726,19,23
0.39327171258297683,4.429597434503725,19,24
0.06898600626676371,8.859194869007448,19,25
0.03409733288190012,7.672287813637204,19,26
0.06898600626676371,8.85919486900745,19,27
0.03409737160921305,7.672287813637204,19,28
0.034097371609212786,7.672287813637204,19,29
0.3932717125829768,4.429597434503725,19,30
0.3932717125829769,4.429597434503724,19,31
0.034097371609212786,7.672287813637204,19,32
0.020964590792195783,10.616110436172505,19,33
0.04668623512829958,7.337424650224688,19,34
0.022523708854067678,5.849484341885438,19,35
0.04668623512829958,7.337424650224688,19,36
0.008045067189874246,9.647821897259963,19,37
0.008045067189874246,9.647821897259965,19,38
0.046686235128299704,7.337424650224689,19,39
0.046686235128299704,7.337424650224688,19,40
0.020964590792195793,10.616110436172507,19,41
0.008045067189873996,9.647821897259965,19,42
0.020964590792195793,10.616110436172507,19,43
0.1438482825242848,9.647821897259965,19,44
0.14384828252428492,9.647821897259965,19,45
0.046686235128299745,7.337424650224689,19,46
0.046686235128299745,7.337424650224688,19,47
0.14384828252428514,9.647821897259965,19,48
0.1165648231696239,7.074460146166149,19,49
0.11656482316962395,7.074460146166121,19,50
0.15533148789184711,3.28714458096521,19,51
0.15533148789184714,3.2871445809652298,19,52
0.03417495339290625,5.516035979571838,19,53
0.01924802596359755,9.449373165624088,19,54
0.03417495339290625,5.516035979571814,19,55
0.15533148789184717,3.28714458096521,19,56
0.11656482316962405,7.07446014616613,19,57
0.019248025963597537,9.44937316562411,19,58
0.019248025963597537,9.449373165624088,19,59
0.11656482316962409,7.074460146166121,19,60
0.03526103144545496,10.436090582923221,19,61
0.11656482316962406,7.07446014616613,19,62
0.03417495339290637,5.516035979571838,19,63
0.11656482316962406,7.074460146166148,19,64
0.059736637372322786,6.981307568608229,19,65
0.059736637372322786,6.981307568608172,19,66
0.8296582171650062,3.0815561821881587,19,67
0.8296582171650061,3.081556182188201,19,68
0.059736637372322585,6.981307568608211,19,69
0.016792921703121286,10.37316999102933,19,70
0.05973663737232284,6.981307568608172,19,71
0.0244259061011115,5.396046880424969,19,72
0.006977943534657752,9.379835938385595,19,73
0.05973663737232272,6.981307568608211,19,74
0.059736637372322904,6.981307568608231,19,75
0.006977943534657752,9.37983593838558,19,76
0.0069779435346577125,9.37983593838558,19,77
0.02442590610111139,5.396046880424969,19,78
0.8296582171650061,3.081556182188202,19,79
0.02442590610111139,5.396046880425018,19,80
0.2180597577799201,4.857977413792085,20,1
0.03136274793165842,7.927333184396773,20,2
0.03136274793165842,7.927333184396723,20,3
0.2180597577799201,4.857977413792058,20,4
0.2996772912985223,6.574289161930418,20,5
0.031362747931658566,7.927333184396757,20,6
0.01795188026516935,11.032071959143629,20,7
0.031362747931658566,7.927333184396722,20,8
0.12833427487294122,10.103725960256513,20,9
0.12833427487294122,10.103725960256527,20,10
0.031362747931658504,7.927333184396756,20,11
0.031362747931658504,7.9273331843967725,20,12
0.2996772912985225,6.574289161930459,20,13
0.12833427487294116,10.103725960256515,20,14
0.29967729129852233,6.574289161930418,20,15
0.21805975777991995,4.857977413792086,20,16
0.393271712582977,4.429597434503723,20,17
0.0689860062667635,8.85919486900745,20,18
0.39327171258297705,4.429597434503725,20,19
2.408395572546543,0.0,20,20
0.39327171258297683,4.429597434503724,20,21
0.03409733288189999,7.672287813637203,20,22
0.03409733288189999,7.672287813637205,20,23
0.393271712582977,4.429597434503726,20,24
0.03409737160921305,7.672287813637204,20,25
0.06898600626676371,8.859194869007448,20,26
0.03409733288190012,7.672287813637204,20,27
0.06898600626676371,8.859194869007448,20,28
0.034097371609212786,7.672287813637203,20,29
0.034097371609212786,7.672287813637204,20,30
0.3932717125829768,4.429597434503725,20,31
0.3932717125829769,4.429597434503725,20,32
0.04668623512829958,7.337424650224687,20,33
0.020964590792195783,10.616110436172507,20,34
0.04668623512829958,7.337424650224688,20,35
0.022523708854067678,5.849484341885438,20,36
0.046686235128299704,7.337424650224688,20,37
0.008045067189874246,9.647821897259965,20,38
0.008045067189874246,9.647821897259965,20,39
0.046686235128299704,7.337424650224689,20,40
0.1438482825242848,9.647821897259965,20,41
0.020964590792195793,10.616110436172507,20,42
0.008045067189873996,9.647821897259965,20,43
0.020964590792195793,10.616110436172507,20,44
0.14384828252428514,9.647821897259963,20,45
0.14384828252428492,9.647821897259965,20,46
0.046686235128299745,7.337424650224689,20,47
0.046686235128299745,7.337424650224689,20,48
0.15533148789184714,3.2871445809652298,20,49
0.1165648231696239,7.0744601461661505,20,50
0.11656482316962395,7.074460146166121,20,51
0.15533148789184711,3.28714458096521,20,52
0.15533148789184717,3.28714458096521,20,53
0.03417495339290625,5.51603597957184,20,54
0.01924802596359755,9.449373165624088,20,55
0.03417495339290625,5.516035979571814,20,56
0.11656482316962409,7.074460146166121,20,57
0.11656482316962405,7.07446014616613,20,58
0.019248025963597537,9.44937316562411,20,59
0.019248025963597537,9.449373165624088,20,60
0.11656482316962406,7.074460146166149,20,61
0.03526103144545496,10.436090582923221,20,62
0.11656482316962406,7.074460146166129,20,63
0.03417495339290637,5.516035979571838,20,64
0.8296582171650061,3.081556182188201,20,65
0.059736637372322786,6.981307568608231,20,66
0.059736637372322786,6.981307568608173,20,67
0.8296582171650062,3.0815561821881587,20,68
0.0244259061011115,5.396046880424969,20,69
0.059736637372322585,6.981307568608213,20,70
0.016792921703121286,10.37316999102933,20,71
0.05973663737232284,6.981307568608172,20,72
0.006977943534657752,9.37983593838558,20,73
0.006977943534657752,9.379835938385595,20,74
0.05973663737232272,6.981307568608211,20,75
0.059736637372322904,6.98130756860823,20,76
0.02442590610111139,5.396046880425018,20,77
0.0069779435346577125,9.37983593838558,20,78
0.02442590610111139,5.396046880424969,20,79
0.8296582171650061,3.081556182188202,20,80
0.21805975777991995,4.857977413792086,21,1
0.2996772912985225,6.574289161930459,21,2
0.12833427487294116,10.103725960256515,21,3
0.29967729129852233,6.574289161930418,21,4
0.2180597577799201,4.857977413792058,21,5
0.2180597577799201,4.857977413792085,21,6
0.03136274793165842,7.927333184396772,21,7
0.03136274793165842,7.927333184396721,21,8
0.031362747931658566,7.927333184396722,21,9
0.2996772912985223,6.574289161930418,21,10
0.031362747931658566,7.927333184396756,21,11
0.01795188026516935,11.032071959143627,21,12
0.031362747931658504,7.9273331843967725,21,13
0.12833427487294122,10.103725960256513,21,14
0.12833427487294122,10.103725960256527,21,15
0.031362747931658504,7.927333184396756,21,16
0.3932717125829769,4.429597434503725,21,17
0.034097371609212786,7.672287813637204,21,18
0.034097371609212786,7.672287813637204,21,19
0.3932717125829768,4.429597434503726,21,20
2.408395572546543,0.0,21,21
0.393271712582977,4.429597434503725,21,22
0.0689860062667635,8.85919486900745,21,23
0.39327171258297705,4.429597434503726,21,24
0.393271712582977,4.429597434503724,21,25
0.39327171258297683,4.429597434503724,21,26
0.03409733288189999,7.672287813637204,21,27
0.03409733288189999,7.672287813637204,21,28
0.06898600626676371,8.85919486900745,21,29
0.03409737160921305,7.672287813637204,21,30
0.06898600626676371,8.85919486900745,21,31
0.03409733288190012,7.672287813637204,21,32
0.046686235128299745,7.337424650224689,21,33
0.14384828252428514,9.647821897259965,21,34
0.14384828252428492,9.647821897259965,21,35
0.046686235128299745,7.337424650224689,21,36
0.022523708854067678,5.849484341885438,21,37
0.04668623512829958,7.337424650224688,21,38
0.020964590792195783,10.616110436172507,21,39
0.04668623512829958,7.337424650224689,21,40
0.046686235128299704,7.337424650224688,21,41
0.046686235128299704,7.337424650224688,21,42
0.008045067189874246,9.647821897259965,21,43
0.008045067189874246,9.647821897259965,21,44
0.020964590792195793,10.616110436172507,21,45
0.1438482825242848,9.647821897259965,21,46
0.020964590792195793,10.616110436172507,21,47
0.008045067189873996,9.647821897259965,21,48
0.03417495339290637,5.51603597957184,21,49
0.11656482316962406,7.07446014616615,21,50
0.03526103144545496,10.43609058292322,21,51
0.11656482316962406,7.074460146166131,21,52
0.15533148789184711,3.28714458096521,21,53
0.15533148789184714,3.28714458096523,21,54
0.1165648231696239,7.074460146166149,21,55
0.11656482316962395,7.074460146166121,21,56
0.03417495339290625,5.516035979571814,21,57
0.15533148789184717,3.2871445809652093,21,58
0.03417495339290625,5.516035979571838,21,59
0.01924802596359755,9.449373165624086,21,60
0.019248025963597537,9.449373165624086,21,61
0.11656482316962409,7.074460146166119,21,62
0.11656482316962405,7.074460146166129,21,63
0.019248025963597537,9.449373165624108,21,64
0.8296582171650061,3.081556182188202,21,65
0.02442590610111139,5.396046880425018,21,66
0.0069779435346577125,9.37983593838558,21,67
0.02442590610111139,5.396046880424969,21,68
0.8296582171650062,3.081556182188158,21,69
0.8296582171650061,3.0815561821882014,21,70
0.059736637372322786,6.981307568608229,21,71
0.059736637372322786,6.981307568608171,21,72
0.05973663737232284,6.981307568608172,21,73
0.0244259061011115,5.396046880424969,21,74
0.059736637372322585,6.981307568608211,21,75
0.016792921703121286,10.373169991029329,21,76
0.059736637372322904,6.98130756860823,21,77
0.006977943534657752,9.37983593838558,21,78
0.006977943534657752,9.379835938385595,21,79
0.05973663737232272,6.981307568608211,21,80
0.29967729129852233,6.574289161930418,22,1
0.21805975777991995,4.857977413792086,22,2
0.2996772912985225,6.574289161930458,22,3
0.12833427487294116,10.103725960256515,22,4
0.03136274793165842,7.927333184396722,22,5
0.2180597577799201,4.857977413792058,22,6
0.2180597577799201,4.857977413792085,22,7
0.03136274793165842,7.927333184396772,22,8
0.01795188026516935,11.032071959143629,22,9
0.031362747931658566,7.927333184396722,22,10
0.2996772912985223,6.574289161930418,22,11
0.031362747931658566,7.927333184396756,22,12
0.031362747931658504,7.9273331843967565,22,13
0.031362747931658504,7.9273331843967725,22,14
0.12833427487294122,10.103725960256513,22,15
0.12833427487294122,10.103725960256527,22,16
0.3932717125829768,4.429597434503725,22,17
0.3932717125829769,4.429597434503725,22,18
0.034097371609212786,7.672287813637204,22,19
0.034097371609212786,7.672287813637205,22,20
0.39327171258297705,4.429597434503725,22,21
2.408395572546543,0.0,22,22
0.393271712582977,4.429597434503724,22,23
0.0689860062667635,8.85919486900745,22,24
0.03409733288189999,7.672287813637204,22,25
0.393271712582977,4.429597434503724,22,26
0.39327171258297683,4.429597434503724,22,27
0.03409733288189999,7.672287813637204,22,28
0.03409733288190012,7.672287813637204,22,29
0.06898600626676371,8.85919486900745,22,30
0.03409737160921305,7.672287813637204,22,31
0.06898600626676371,8.85919486900745,22,32
0.046686235128299745,7.337424650224689,22,33
0.046686235128299745,7.337424650224689,22,34
0.14384828252428514,9.647821897259965,22,35
0.14384828252428492,9.647821897259965,22,36
0.04668623512829958,7.337424650224688,22,37
0.022523708854067678,5.849484341885438,22,38
0.04668623512829958,7.337424650224688,22,39
0.020964590792195783,10.616110436172507,22,40
0.008045067189874246,9.647821897259965,22,41
0.046686235128299704,7.337424650224688,22,42
0.046686235128299704,7.337424650224688,22,43
0.008045067189874246,9.647821897259965,22,44
0.008045067189873996,9.647821897259965,22,45
0.020964590792195793,10.616110436172507,22,46
0.1438482825242848,9.647821897259965,22,47
0.020964590792195793,10.616110436172507,22,48
0.11656482316962406,7.074460146166131,22,49
0.03417495339290637,5.51603597957184,22,50
0.11656482316962406,7.07446014616615,22,51
0.03526103144545496,10.436090582923221,22,52
0.11656482316962395,7.074460146166121,22,53
0.15533148789184711,3.28714458096521,22,54
0.15533148789184714,3.28714458096523,22,55
0.1165648231696239,7.07446014616615,22,56
0.01924802596359755,9.449373165624088,22,57
0.03417495339290625,5.516035979571814,22,58
0.15533148789184717,3.2871445809652093,22,59
0.03417495339290625,5.516035979571838,22,60
0.019248025963597537,9.44937316562411,22,61
0.019248025963597537,9.449373165624086,22,62
0.11656482316962409,7.074460146166119,22,63
0.11656482316962405,7.074460146166129,22,64
0.02442590610111139,5.396046880424969,22,65
0.8296582171650061,3.081556182188202,22,66
0.02442590610111139,5.3960468804250175,22,67
0.0069779435346577125,9.37983593838558,22,68
0.059736637372322786,6.981307568608171,22,69
0.8296582171650062,3.081556182188158,22,70
0.8296582171650061,3.0815561821882014,22,71
0.059736637372322786,6.981307568608229,22,72
0.016792921703121286,10.37316999102933,22,73
0.05973663737232284,6.981307568608172,22,74
0.0244259061011115,5.396046880424969,22,75
0.059736637372322585,6.981307568608211,22,76
0.05973663737232272,6.981307568608211,22,77
0.059736637372322904,6.98130756860823,22,78
0.006977943534657752,9.37983593838558,22,79
0.006977943534657752,9.379835938385595,22,80
0.12833427487294116,10.103725960256515,23,1
0.29967729129852233,6.574289161930418,23,2
0.21805975777991995,4.857977413792086,23,3
0.2996772912985225,6.574289161930459,23,4
0.03136274793165842,7.9273331843967725,23,5
0.03136274793165842,7.927333184396721,23,6
0.2180597577799201,4.8579774137920575,23,7
0.2180597577799201,4.857977413792086,23,8
0.031362747931658566,7.9273331843967565,23,9
0.01795188026516935,11.032071959143627,23,10
0.031362747931658566,7.927333184396722,23,11
0.2996772912985223,6.574289161930418,23,12
0.12833427487294122,10.103725960256527,23,13
0.031362747931658504,7.927333184396756,23,14
0.031362747931658504,7.927333184396773,23,15
0.12833427487294122,10.103725960256513,23,16
0.034097371609212786,7.672287813637203,23,17
0.3932717125829768,4.429597434503725,23,18
0.3932717125829769,4.429597434503726,23,19
0.034097371609212786,7.672287813637205,23,20
0.0689860062667635,8.859194869007448,23,21
0.39327171258297705,4.429597434503724,23,22
2.408395572546543,0.0,23,23
0.393271712582977,4.429597434503725,23,24
0.03409733288189999,7.672287813637203,23,25
0.03409733288189999,7.672287813637203,23,26
0.393271712582977,4.429597434503724,23,27
0.39327171258297683,4.429597434503725,23,28
0.06898600626676371,8.859194869007448,23,29
0.03409733288190012,7.672287813637204,23,30
0.06898600626676371,8.85919486900745,23,31
0.03409737160921305,7.672287813637204,23,32
0.14384828252428492,9.647821897259965,23,33
0.046686235128299745,7.337424650224688,23,34
0.046686235128299745,7.337424650224689,23,35
0.14384828252428514,9.647821897259965,23,36
0.020964590792195783,10.616110436172505,23,37
0.04668623512829958,7.337424650224688,23,38
0.022523708854067678,5.849484341885438,23,39
0.04668623512829958,7.337424650224688,23,40
0.008045067189874246,9.647821897259963,23,41
0.008045067189874246,9.647821897259963,23,42
0.046686235128299704,7.337424650224688,23,43
0.046686235128299704,7.337424650224689,23,44
0.020964590792195793,10.616110436172507,23,45
0.008045067189873996,9.647821897259965,23,46
0.020964590792195793,10.616110436172507,23,47
0.1438482825242848,9.647821897259965,23,48
0.03526103144545496,10.43609058292322,23,49
0.11656482316962406,7.07446014616613,23,50
0.03417495339290637,5.51603597957184,23,51
0.11656482316962406,7.07446014616615,23,52
0.1165648231696239,7.074460146166149,23,53
0.11656482316962395,7.074460146166119,23,54
0.15533148789184711,3.2871445809652093,23,55
0.15533148789184714,3.2871445809652315,23,56
0.03417495339290625,5.516035979571839,23,57
0.01924802596359755,9.449373165624086,23,58
0.03417495339290625,5.516035979571814,23,59
0.15533148789184717,3.2871445809652093,23,60
0.11656482316962405,7.07446014616613,23,61
0.019248025963597537,9.44937316562411,23,62
0.019248025963597537,9.449373165624086,23,63
0.11656482316962409,7.074460146166119,23,64
0.0069779435346577125,9.37983593838558,23,65
0.02442590610111139,5.396046880424968,23,66
0.8296582171650061,3.081556182188202,23,67
0.02442590610111139,5.396046880425018,23,68
0.059736637372322786,6.98130756860823,23,69
0.059736637372322786,6.981307568608171,23,70
0.8296582171650062,3.0815561821881574,23,71
0.8296582171650061,3.081556182188202,23,72
0.059736637372322585,6.981307568608212,23,73
0.016792921703121286,10.373169991029329,23,74
0.05973663737232284,6.981307568608171,23,75
0.0244259061011115,5.396046880424969,23,76
0.006977943534657752,9.379835938385595,23,77
0.05973663737232272,6.981307568608211,23,78
0.059736637372322904,6.981307568608231,23,79
0.006977943534657752,9.37983593838558,23,80
0.2996772912985225,6.574289161930459,24,1
0.12833427487294116,10.103725960256513,24,2
0.29967729129852233,6.574289161930418,24,3
0.21805975777991995,4.857977413792086,24,4
0.2180597577799201,4.857977413792086,24,5
0.03136274793165842,7.927333184396776,24,6
0.03136274793165842,7.927333184396721,24,7
0.2180597577799201,4.8579774137920575,24,8
0.2996772912985223,6.574289161930418,24,9
0.031362747931658566,7.927333184396757,24,10
0.01795188026516935,11.032071959143627,24,11
0.031362747931658566,7.927333184396721,24,12
0.12833427487294122,10.103725960256513,24,13
0.12833427487294122,10.103725960256527,24,14
0.031362747931658504,7.927333184396756,24,15
0.031362747931658504,7.927333184396773,24,16
0.034097371609212786,7.672287813637203,24,17
0.034097371609212786,7.672287813637203,24,18
0.3932717125829768,4.429597434503725,24,19
0.3932717125829769,4.429597434503726,24,20
0.393271712582977,4.429597434503723,24,21
0.0689860062667635,8.85919486900745,24,22
0.39327171258297705,4.429597434503725,24,23
2.408395572546543,0.0,24,24
0.39327171258297683,4.429597434503724,24,25
0.03409733288189999,7.672287813637203,24,26
0.03409733288189999,7.672287813637203,24,27
0.393271712582977,4.429597434503724,24,28
0.03409737160921305,7.672287813637204,24,29
0.06898600626676371,8.85919486900745,24,30
0.03409733288190012,7.672287813637204,24,31
0.06898600626676371,8.85919486900745,24,32
0.14384828252428514,9.647821897259965,24,33
0.14384828252428492,9.647821897259965,24,34
0.046686235128299745,7.337424650224688,24,35
0.046686235128299745,7.337424650224689,24,36
0.04668623512829958,7.337424650224687,24,37
0.020964590792195783,10.616110436172507,24,38
0.04668623512829958,7.337424650224688,24,39
0.022523708854067678,5.849484341885438,24,40
0.046686235128299704,7.337424650224688,24,41
0.008045067189874246,9.647821897259963,24,42
0.008045067189874246,9.647821897259963,24,43
0.046686235128299704,7.337424650224688,24,44
0.1438482825242848,9.647821897259965,24,45
0.020964590792195793,10.616110436172507,24,46
0.008045067189873996,9.647821897259965,24,47
0.020964590792195793,10.616110436172507,24,48
0.11656482316962406,7.07446014616615,24,49
0.03526103144545496,10.43609058292322,24,50
0.11656482316962406,7.07446014616613,24,51
0.03417495339290637,5.51603597957184,24,52
0.15533148789184714,3.28714458096523,24,53
0.1165648231696239,7.0744601461661505,24,54
0.11656482316962395,7.074460146166119,24,55
0.15533148789184711,3.2871445809652085,24,56
0.15533148789184717,3.2871445809652093,24,57
0.03417495339290625,5.516035979571839,24,58
0.01924802596359755,9.449373165624086,24,59
0.03417495339290625,5.516035979571814,24,60
0.11656482316962409,7.074460146166119,24,61
0.11656482316962405,7.07446014616613,24,62
0.019248025963597537,9.44937316562411,24,63
0.019248025963597537,9.449373165624086,24,64
0.02442590610111139,5.396046880425018,24,65
0.0069779435346577125,9.37983593838558,24,66
0.02442590610111139,5.396046880424969,24,67
0.8296582171650061,3.081556182188202,24,68
0.8296582171650061,3.081556182188202,24,69
0.059736637372322786,6.9813075686082335,24,70
0.059736637372322786,6.981307568608171,24,71
0.8296582171650062,3.0815561821881574,24,72
0.0244259061011115,5.396046880424969,24,73
0.059736637372322585,6.981307568608213,24,74
0.016792921703121286,10.373169991029329,24,75
0.05973663737232284,6.981307568608171,24,76
0.006977943534657752,9.37983593838558,24,77
0.006977943534657752,9.379835938385595,24,78
0.05973663737232272,6.981307568608211,24,79
0.059736637372322904,6.981307568608231,24,80
0.031362747931658504,7.9273331843967725,25,1
0.12833427487294122,10.103725960256517,25,2
0.12833427487294122,10.10372596025653,25,3
0.031362747931658504,7.9273331843967565,25,4
0.21805975777991995,4.857977413792086,25,5
0.2996772912985225,6.574289161930459,25,6
0.12833427487294116,10.103725960256515,25,7
0.29967729129852233,6.574289161930418,25,8
0.2180597577799201,4.857977413792058,25,9
0.2180597577799201,4.857977413792086,25,10
0.03136274793165842,7.9273331843967725,25,11
0.03136274793165842,7.927333184396722,25,12
0.031362747931658566,7.927333184396721,25,13
0.2996772912985223,6.574289161930417,25,14
0.031362747931658566,7.927333184396755,25,15
0.01795188026516935,11.032071959143629,25,16
0.06898600626676371,8.859194869007448,25,17
0.03409737160921305,7.672287813637203,25,18
0.06898600626676371,8.859194869007448,25,19
0.03409733288190012,7.672287813637204,25,20
0.3932717125829769,4.429597434503724,25,21
0.034097371609212786,7.672287813637204,25,22
0.034097371609212786,7.672287813637204,25,23
0.3932717125829768,4.429597434503725,25,24
2.408395572546543,0.0,25,25
0.393271712582977,4.429597434503725,25,26
0.0689860062667635,8.85919486900745,25,27
0.39327171258297705,4.429597434503726,25,28
0.393271712582977,4.429597434503725,25,29
0.39327171258297683,4.429597434503725,25,30
0.03409733288189999,7.672287813637204,25,31
0.03409733288189999,7.672287813637205,25,32
0.020964590792195793,10.616110436172507,25,33
0.1438482825242848,9.647821897259963,25,34
0.020964590792195793,10.616110436172507,25,35
0.008045067189873996,9.647821897259965,25,36
0.046686235128299745,7.337424650224688,25,37
0.14384828252428514,9.647821897259965,25,38
0.14384828252428492,9.647821897259965,25,39
0.046686235128299745,7.337424650224689,25,40
0.022523708854067678,5.849484341885438,25,41
0.04668623512829958,7.337424650224688,25,42
0.020964590792195783,10.616110436172507,25,43
0.04668623512829958,7.337424650224689,25,44
0.046686235128299704,7.337424650224689,25,45
0.046686235128299704,7.337424650224689,25,46
0.008045067189874246,9.647821897259965,25,47
0.008045067189874246,9.647821897259965,25,48
0.019248025963597537,9.449373165624088,25,49
0.11656482316962409,7.074460146166121,25,50
0.11656482316962405,7.07446014616613,25,51
0.019248025963597537,9.44937316562411,25,52
0.03417495339290637,5.516035979571838,25,53
0.11656482316962406,7.074460146166149,25,54
0.03526103144545496,10.43609058292322,25,55
0.11656482316962406,7.07446014616613,25,56
0.15533148789184711,3.28714458096521,25,57
0.15533148789184714,3.2871445809652298,25,58
0.1165648231696239,7.074460146166149,25,59
0.11656482316962395,7.074460146166121,25,60
0.03417495339290625,5.516035979571814,25,61
0.15533148789184717,3.2871445809652093,25,62
0.03417495339290625,5.516035979571838,25,63
0.01924802596359755,9.449373165624088,25,64
0.059736637372322904,6.98130756860823,25,65
0.006977943534657752,9.379835938385582,25,66
0.006977943534657752,9.379835938385597,25,67
0.05973663737232272,6.981307568608211,25,68
0.8296582171650061,3.081556182188202,25,69
0.02442590610111139,5.396046880425018,25,70
0.0069779435346577125,9.37983593838558,25,71
0.02442590610111139,5.396046880424968,25,72
0.8296582171650062,3.0815561821881583,25,73
0.8296582171650061,3.081556182188202,25,74
0.059736637372322786,6.98130756860823,25,75
0.059736637372322786,6.981307568608171,25,76
0.05973663737232284,6.981307568608171,25,77
0.0244259061011115,5.396046880424968,25,78
0.059736637372322585,6.98130756860821,25,79
0.016792921703121286,10.373169991029329,25,80
0.031362747931658504,7.9273331843967565,26,1
0.031362747931658504,7.9273331843967725,26,2
0.12833427487294122,10.103725960256517,26,3
0.12833427487294122,10.103725960256527,26,4
0.29967729129852233,6.574289161930418,26,5
0.21805975777991995,4.857977413792086,26,6
0.2996772912985225,6.574289161930459,26,7
0.12833427487294116,10.103725960256513,26,8
0.03136274793165842,7.927333184396722,26,9
0.2180597577799201,4.857977413792058,26,10
0.2180597577799201,4.857977413792086,26,11
0.03136274793165842,7.927333184396773,26,12
0.01795188026516935,11.032071959143629,26,13
0.031362747931658566,7.927333184396721,26,14
0.2996772912985223,6.574289161930417,26,15
0.031362747931658566,7.927333184396755,26,16
0.03409733288190012,7.672287813637204,26,17
0.06898600626676371,8.859194869007448,26,18
0.03409737160921305,7.672287813637203,26,19
0.06898600626676371,8.859194869007448,26,20
0.3932717125829768,4.429597434503724,26,21
0.3932717125829769,4.429597434503724,26,22
0.034097371609212786,7.672287813637203,26,23
0.034097371609212786,7.672287813637204,26,24
0.39327171258297705,4.429597434503725,26,25
2.408395572546543,0.0,26,26
0.393271712582977,4.429597434503725,26,27
0.0689860062667635,8.85919486900745,26,28
0.03409733288189999,7.672287813637204,26,29
0.393271712582977,4.429597434503725,26,30
0.39327171258297683,4.429597434503725,26,31
0.03409733288189999,7.672287813637203,26,32
0.008045067189873996,9.647821897259965,26,33
0.020964590792195793,10.616110436172507,26,34
0.1438482825242848,9.647821897259963,26,35
0.020964590792195793,10.616110436172507,26,36
0.046686235128299745,7.337424650224688,26,37
0.046686235128299745,7.337424650224688,26,38
0.14384828252428514,9.647821897259963,26,39
0.14384828252428492,9.647821897259965,26,40
0.04668623512829958,7.337424650224688,26,41
0.022523708854067678,5.849484341885438,26,42
0.04668623512829958,7.337424650224688,26,43
0.020964590792195783,10.616110436172507,26,44
0.008045067189874246,9.647821897259965,26,45
0.046686235128299704,7.337424650224689,26,46
0.046686235128299704,7.337424650224689,26,47
0.008045067189874246,9.647821897259965,26,48
0.019248025963597537,9.44937316562411,26,49
0.019248025963597537,9.449373165624088,26,50
0.11656482316962409,7.074460146166121,26,51
0.11656482316962405,7.07446014616613,26,52
0.11656482316962406,7.07446014616613,26,53
0.03417495339290637,5.516035979571838,26,54
0.11656482316962406,7.074460146166149,26,55
0.03526103144545496,10.43609058292322,26,56
0.11656482316962395,7.074460146166121,26,57
0.15533148789184711,3.28714458096521,26,58
0.15533148789184714,3.2871445809652298,26,59
0.1165648231696239,7.074460146166149,26,60
0.01924802596359755,9.449373165624088,26,61
0.03417495339290625,5.516035979571814,26,62
0.15533148789184717,3.2871445809652093,26,63
0.03417495339290625,5.516035979571838,26,64
0.05973663737232272,6.981307568608211,26,65
0.059736637372322904,6.98130756860823,26,66
0.006977943534657752,9.379835938385582,26,67
0.006977943534657752,9.379835938385597,26,68
0.02442590610111139,5.396046880424969,26,69
0.8296582171650061,3.081556182188202,26,70
0.02442590610111139,5.396046880425018,26,71
0.0069779435346577125,9.37983593838558,26,72
0.059736637372322786,6.981307568608172,26,73
0.8296582171650062,3.0815561821881583,26,74
0.8296582171650061,3.081556182188202,26,75
0.059736637372322786,6.981307568608231,26,76
0.016792921703121286,10.373169991029329,26,77
0.05973663737232284,6.981307568608171,26,78
0.0244259061011115,5.396046880424968,26,79
0.059736637372322585,6.98130756860821,26,80
0.12833427487294122,10.103725960256527,27,1
0.031362747931658504,7.9273331843967565,27,2
0.031362747931658504,7.9273331843967725,27,3
0.12833427487294122,10.103725960256517,27,4
0.12833427487294116,10.103725960256515,27,5
0.29967729129852233,6.574289161930418,27,6
0.21805975777991995,4.857977413792086,27,7
0.2996772912985225,6.574289161930459,27,8
0.03136274793165842,7.927333184396773,27,9
0.03136274793165842,7.927333184396722,27,10
0.2180597577799201,4.857977413792058,27,11
0.2180597577799201,4.857977413792086,27,12
0.031362747931658566,7.927333184396755,27,13
0.01795188026516935,11.032071959143629,27,14
0.031362747931658566,7.927333184396721,27,15
0.2996772912985223,6.574289161930417,27,16
0.06898600626676371,8.859194869007448,27,17
0.03409733288190012,7.672287813637204,27,18
0.06898600626676371,8.859194869007448,27,19
0.03409737160921305,7.672287813637203,27,20
0.034097371609212786,7.672287813637204,27,21
0.3932717125829768,4.429597434503724,27,22
0.3932717125829769,4.429597434503724,27,23
0.034097371609212786,7.672287813637203,27,24
0.0689860062667635,8.859194869007448,27,25
0.39327171258297705,4.429597434503725,27,26
2.408395572546543,0.0,27,27
0.393271712582977,4.429597434503725,27,28
0.03409733288189999,7.672287813637202,27,29
0.03409733288189999,7.672287813637204,27,30
0.393271712582977,4.429597434503725,27,31
0.39327171258297683,4.429597434503725,27,32
0.020964590792195793,10.616110436172505,27,33
0.008045067189873996,9.647821897259965,27,34
0.020964590792195793,10.616110436172507,27,35
0.1438482825242848,9.647821897259963,27,36
0.14384828252428492,9.647821897259965,27,37
0.046686235128299745,7.337424650224688,27,38
0.046686235128299745,7.337424650224688,27,39
0.14384828252428514,9.647821897259963,27,40
0.020964590792195783,10.616110436172505,27,41
0.04668623512829958,7.337424650224688,27,42
0.022523708854067678,5.849484341885438,27,43
0.04668623512829958,7.337424650224688,27,44
0.008045067189874246,9.647821897259963,27,45
0.008045067189874246,9.647821897259965,27,46
0.046686235128299704,7.337424650224689,27,47
0.046686235128299704,7.337424650224688,27,48
0.11656482316962405,7.07446014616613,27,49
0.019248025963597537,9.44937316562411,27,50
0.019248025963597537,9.449373165624088,27,51
0.11656482316962409,7.074460146166121,27,52
0.03526103144545496,10.43609058292322,27,53
0.11656482316962406,7.07446014616613,27,54
0.03417495339290637,5.516035979571838,27,55
0.11656482316962406,7.074460146166149,27,56
0.1165648231696239,7.074460146166149,27,57
0.11656482316962395,7.074460146166121,27,58
0.15533148789184711,3.28714458096521,27,59
0.15533148789184714,3.2871445809652298,27,60
0.03417495339290625,5.516035979571839,27,61
0.01924802596359755,9.449373165624088,27,62
0.03417495339290625,5.516035979571814,27,63
0.15533148789184717,3.2871445809652093,27,64
0.006977943534657752,9.379835938385597,27,65
0.05973663737232272,6.981307568608211,27,66
0.059736637372322904,6.98130756860823,27,67
0.006977943534657752,9.379835938385582,27,68
0.0069779435346577125,9.37983593838558,27,69
0.02442590610111139,5.396046880424969,27,70
0.8296582171650061,3.081556182188202,27,71
0.02442590610111139,5.396046880425018,27,72
0.059736637372322786,6.981307568608231,27,73
0.059736637372322786,6.981307568608172,27,74
0.8296582171650062,3.0815561821881583,27,75
0.8296582171650061,3.0815561821882023,27,76
0.059736637372322585,6.98130756860821,27,77
0.016792921703121286,10.373169991029329,27,78
0.05973663737232284,6.981307568608171,27,79
0.0244259061011115,5.396046880424968,27,80
0.12833427487294122,10.103725960256517,28,1
0.12833427487294122,10.103725960256527,28,2
0.031362747931658504,7.9273331843967565,28,3
0.031362747931658504,7.9273331843967725,28,4
0.2996772912985225,6.574289161930459,28,5
0.12833427487294116,10.103725960256515,28,6
0.29967729129852233,6.574289161930418,28,7
0.21805975777991995,4.857977413792086,28,8
0.2180597577799201,4.857977413792086,28,9
0.03136274793165842,7.927333184396774,28,10
0.03136274793165842,7.927333184396722,28,11
0.2180597577799201,4.8579774137920575,28,12
0.2996772912985223,6.574289161930417,28,13
0.031362747931658566,7.927333184396756,28,14
0.01795188026516935,11.032071959143629,28,15
0.031362747931658566,7.927333184396721,28,16
0.03409737160921305,7.672287813637203,28,17
0.06898600626676371,8.859194869007448,28,18
0.03409733288190012,7.672287813637204,28,19
0.06898600626676371,8.859194869007448,28,20
0.034097371609212786,7.672287813637201,28,21
0.034097371609212786,7.672287813637204,28,22
0.3932717125829768,4.429597434503725,28,23
0.3932717125829769,4.429597434503724,28,24
0.393271712582977,4.429597434503723,28,25
0.0689860062667635,8.859194869007448,28,26
0.39327171258297705,4.429597434503725,28,27
2.408395572546543,0.0,28,28
0.39327171258297683,4.429597434503724,28,29
0.03409733288189999,7.672287813637205,28,30
0.03409733288189999,7.672287813637204,28,31
0.393271712582977,4.429597434503726,28,32
0.1438482825242848,9.647821897259963,28,33
0.020964590792195793,10.616110436172507,28,34
0.008045067189873996,9.647821897259965,28,35
0.020964590792195793,10.616110436172507,28,36
0.14384828252428514,9.647821897259963,28,37
0.14384828252428492,9.647821897259965,28,38
0.046686235128299745,7.337424650224689,28,39
0.046686235128299745,7.337424650224688,28,40
0.04668623512829958,7.337424650224687,28,41
0.020964590792195783,10.616110436172505,28,42
0.04668623512829958,7.337424650224688,28,43
0.022523708854067678,5.849484341885438,28,44
0.046686235128299704,7.337424650224688,28,45
0.008045067189874246,9.647821897259965,28,46
0.008045067189874246,9.647821897259965,28,47
0.046686235128299704,7.337424650224689,28,48
0.11656482316962409,7.074460146166121,28,49
0.11656482316962405,7.074460146166131,28,50
0.019248025963597537,9.44937316562411,28,51
0.019248025963597537,9.449373165624088,28,52
0.11656482316962406,7.074460146166148,28,53
0.03526103144545496,10.43609058292322,28,54
0.11656482316962406,7.07446014616613,28,55
0.03417495339290637,5.516035979571838,28,56
0.15533148789184714,3.2871445809652298,28,57
0.1165648231696239,7.074460146166149,28,58
0.11656482316962395,7.074460146166121,28,59
0.15533148789184711,3.28714458096521,28,60
0.15533148789184717,3.2871445809652093,28,61
0.03417495339290625,5.516035979571841,28,62
0.01924802596359755,9.449373165624088,28,63
0.03417495339290625,5.516035979571814,28,64
0.006977943534657752,9.379835938385582,28,65
0.006977943534657752,9.379835938385597,28,66
0.05973663737232272,6.981307568608211,28,67
0.059736637372322904,6.98130756860823,28,68
0.02442590610111139,5.396046880425018,28,69
0.0069779435346577125,9.37983593838558,28,70
0.02442590610111139,5.396046880424969,28,71
0.8296582171650061,3.081556182188202,28,72
0.8296582171650061,3.0815561821882023,28,73
0.059736637372322786,6.981307568608233,28,74
0.059736637372322786,6.981307568608172,28,75
0.8296582171650062,3.081556182188158,28,76
0.0244259061011115,5.396046880424968,28,77
0.059736637372322585,6.981307568608211,28,78
0.016792921703121286,10.373169991029329,28,79
0.05973663737232284,6.981307568608171,28,80
0.031362747931658566,7.927333184396722,29,1
0.2996772912985223,6.574289161930419,29,2
0.031362747931658566,7.927333184396756,29,3
0.01795188026516935,11.032071959143627,29,4
0.031362747931658504,7.9273331843967725,29,5
0.12833427487294122,10.103725960256513,29,6
0.12833427487294122,10.103725960256526,29,7
0.031362747931658504,7.927333184396756,29,8
0.21805975777991995,4.857977413792086,29,9
0.2996772912985225,6.574289161930459,29,10
0.12833427487294116,10.103725960256513,29,11
0.29967729129852233,6.574289161930418,29,12
0.2180597577799201,4.8579774137920575,29,13
0.2180597577799201,4.857977413792085,29,14
0.03136274793165842,7.927333184396772,29,15
0.03136274793165842,7.927333184396722,29,16
0.393271712582977,4.429597434503724,29,17
0.39327171258297683,4.429597434503724,29,18
0.03409733288189999,7.672287813637203,29,19
0.03409733288189999,7.672287813637203,29,20
0.06898600626676371,8.85919486900745,29,21
0.03409737160921305,7.672287813637203,29,22
0.06898600626676371,8.859194869007448,29,23
0.03409733288190012,7.672287813637204,29,24
0.3932717125829769,4.429597434503725,29,25
0.034097371609212786,7.672287813637204,29,26
0.034097371609212786,7.672287813637204,29,27
0.3932717125829768,4.429597434503726,29,28
2.408395572546543,0.0,29,29
0.393271712582977,4.429597434503725,29,30
0.0689860062667635,8.85919486900745,29,31
0.39327171258297705,4.429597434503726,29,32
0.046686235128299704,7.337424650224688,29,33
0.046686235128299704,7.337424650224688,29,34
0.008045067189874246,9.647821897259965,29,35
0.008045067189874246,9.647821897259965,29,36
0.020964590792195793,10.616110436172507,29,37
0.1438482825242848,9.647821897259963,29,38
0.020964590792195793,10.616110436172507,29,39
0.008045067189873996,9.647821897259965,29,40
0.046686235128299745,7.337424650224689,29,41
0.14384828252428514,9.647821897259965,29,42
0.14384828252428492,9.647821897259965,29,43
0.046686235128299745,7.337424650224689,29,44
0.022523708854067678,5.849484341885438,29,45
0.04668623512829958,7.337424650224688,29,46
0.020964590792195783,10.616110436172507,29,47
0.04668623512829958,7.337424650224689,29,48
0.03417495339290625,5.516035979571814,29,49
0.15533148789184717,3.2871445809652093,29,50
0.03417495339290625,5.516035979571838,29,51
0.01924802596359755,9.449373165624088,29,52
0.019248025963597537,9.449373165624086,29,53
0.11656482316962409,7.0744601461661185,29,54
0.11656482316962405,7.074460146166128,29,55
0.019248025963597537,9.449373165624108,29,56
0.03417495339290637,5.51603597957184,29,57
0.11656482316962406,7.07446014616615,29,58
0.03526103144545496,10.43609058292322,29,59
0.11656482316962406,7.074460146166131,29,60
0.15533148789184711,3.28714458096521,29,61
0.15533148789184714,3.28714458096523,29,62
0.1165648231696239,7.074460146166149,29,63
0.11656482316962395,7.074460146166121,29,64
0.05973663737232284,6.981307568608172,29,65
0.0244259061011115,5.3960468804249695,29,66
0.059736637372322585,6.981307568608211,29,67
0.016792921703121286,10.373169991029329,29,68
0.059736637372322904,6.98130756860823,29,69
0.006977943534657752,9.379835938385579,29,70
0.006977943534657752,9.379835938385593,29,71
0.05973663737232272,6.981307568608211,29,72
0.8296582171650061,3.081556182188202,29,73
0.02442590610111139,5.396046880425018,29,74
0.0069779435346577125,9.37983593838558,29,75
0.02442590610111139,5.396046880424968,29,76
0.8296582171650062,3.081556182188158,29,77
0.8296582171650061,3.081556182188201,29,78
0.059736637372322786,6.981307568608229,29,79
0.059736637372322786,6.981307568608171,29,80
0.01795188026516935,11.032071959143627,30,1
0.031362747931658566,7.927333184396723,30,2
0.2996772912985223,6.574289161930419,30,3
0.031362747931658566,7.927333184396756,30,4
0.031362747931658504,7.9273331843967565,30,5
0.031362747931658504,7.9273331843967725,30,6
0.12833427487294122,10.103725960256513,30,7
0.12833427487294122,10.103725960256526,30,8
0.29967729129852233,6.574289161930418,30,9
0.21805975777991995,4.857977413792086,30,10
0.2996772912985225,6.574289161930459,30,11
0.12833427487294116,10.103725960256513,30,12
0.03136274793165842,7.927333184396722,30,13
0.2180597577799201,4.8579774137920575,30,14
0.2180597577799201,4.857977413792085,30,15
0.03136274793165842,7.927333184396772,30,16
0.03409733288189999,7.672287813637203,30,17
0.393271712582977,4.429597434503724,30,18
0.39327171258297683,4.429597434503724,30,19
0.03409733288189999,7.672287813637203,30,20
0.03409733288190012,7.672287813637204,30,21
0.06898600626676371,8.859194869007448,30,22
0.03409737160921305,7.672287813637203,30,23
0.06898600626676371,8.859194869007448,30,24
0.3932717125829768,4.429597434503725,30,25
0.3932717125829769,4.429597434503725,30,26
0.034097371609212786,7.672287813637204,30,27
0.034097371609212786,7.672287813637205,30,28
0.39327171258297705,4.429597434503725,30,29
2.408395572546543,0.0,30,30
0.393271712582977,4.429597434503725,30,31
0.0689860062667635,8.85919486900745,30,32
0.008045067189874246,9.647821897259965,30,33
0.046686235128299704,7.337424650224688,30,34
0.046686235128299704,7.337424650224688,30,35
0.008045067189874246,9.647821897259965,30,36
0.008045067189873996,9.647821897259965,30,37
0.020964590792195793,10.616110436172507,30,38
0.1438482825242848,9.647821897259963,30,39
0.020964590792195793,10.616110436172507,30,40
0.046686235128299745,7.337424650224689,30,41
0.046686235128299745,7.337424650224689,30,42
0.14384828252428514,9.647821897259965,30,43
0.14384828252428492,9.647821897259965,30,44
0.04668623512829958,7.337424650224688,30,45
0.022523708854067678,5.849484341885438,30,46
0.04668623512829958,7.337424650224688,30,47
0.020964590792195783,10.616110436172507,30,48
0.01924802596359755,9.449373165624086,30,49
0.03417495339290625,5.516035979571814,30,50
0.15533148789184717,3.2871445809652093,30,51
0.03417495339290625,5.516035979571838,30,52
0.019248025963597537,9.449373165624108,30,53
0.019248025963597537,9.449373165624086,30,54
0.11656482316962409,7.0744601461661185,30,55
0.11656482316962405,7.074460146166128,30,56
0.11656482316962406,7.074460146166131,30,57
0.03417495339290637,5.51603597957184,30,58
0.11656482316962406,7.07446014616615,30,59
0.03526103144545496,10.43609058292322,30,60
0.11656482316962395,7.074460146166121,30,61
0.15533148789184711,3.28714458096521,30,62
0.15533148789184714,3.28714458096523,30,63
0.1165648231696239,7.074460146166149,30,64
0.016792921703121286,10.373169991029329,30,65
0.05973663737232284,6.981307568608173,30,66
0.0244259061011115,5.3960468804249695,30,67
0.059736637372322585,6.981307568608211,30,68
0.05973663737232272,6.981307568608211,30,69
0.059736637372322904,6.98130756860823,30,70
0.006977943534657752,9.379835938385579,30,71
0.006977943534657752,9.379835938385593,30,72
0.02442590610111139,5.396046880424969,30,73
0.8296582171650061,3.081556182188202,30,74
0.02442590610111139,5.396046880425018,30,75
0.0069779435346577125,9.37983593838558,30,76
0.059736637372322786,6.981307568608171,30,77
0.8296582171650062,3.081556182188158,30,78
0.8296582171650061,3.081556182188201,30,79
0.059736637372322786,6.981307568608229,30,80
0.031362747931658566,7.9273331843967565,31,1
0.01795188026516935,11.032071959143629,31,2
0.031362747931658566,7.927333184396723,31,3
0.2996772912985223,6.574289161930419,31,4
0.12833427487294122,10.103725960256526,31,5
0.031362747931658504,7.9273331843967565,31,6
0.031362747931658504,7.9273331843967725,31,7
0.12833427487294122,10.103725960256513,31,8
0.12833427487294116,10.103725960256515,31,9
0.29967729129852233,6.574289161930418,31,10
0.21805975777991995,4.857977413792086,31,11
0.2996772912985225,6.5742891619304595,31,12
0.03136274793165842,7.927333184396772,31,13
0.03136274793165842,7.927333184396722,31,14
0.2180597577799201,4.8579774137920575,31,15
0.2180597577799201,4.857977413792085,31,16
0.03409733288189999,7.672287813637201,31,17
0.03409733288189999,7.672287813637203,31,18
0.393271712582977,4.429597434503724,31,19
0.39327171258297683,4.429597434503724,31,20
0.06898600626676371,8.859194869007448,31,21
0.03409733288190012,7.672287813637204,31,22
0.06898600626676371,8.859194869007448,31,23
0.03409737160921305,7.672287813637203,31,24
0.034097371609212786,7.672287813637204,31,25
0.3932717125829768,4.429597434503725,31,26
0.3932717125829769,4.429597434503725,31,27
0.034097371609212786,7.672287813637204,31,28
0.0689860062667635,8.859194869007446,31,29
0.39327171258297705,4.429597434503725,31,30
2.408395572546543,0.0,31,31
0.393271712582977,4.429597434503724,31,32
0.008045067189874246,9.647821897259963,31,33
0.008045067189874246,9.647821897259965,31,34
0.046686235128299704,7.337424650224688,31,35
0.046686235128299704,7.337424650224688,31,36
0.020964590792195793,10.616110436172505,31,37
0.008045067189873996,9.647821897259965,31,38
0.020964590792195793,10.616110436172507,31,39
0.1438482825242848,9.647821897259963,31,40
0.14384828252428492,9.647821897259965,31,41
0.046686235128299745,7.337424650224689,31,42
0.046686235128299745,7.337424650224689,31,43
0.14384828252428514,9.647821897259965,31,44
0.020964590792195783,10.616110436172505,31,45
0.04668623512829958,7.337424650224688,31,46
0.022523708854067678,5.849484341885438,31,47
0.04668623512829958,7.337424650224688,31,48
0.03417495339290625,5.516035979571838,31,49
0.01924802596359755,9.449373165624088,31,50
0.03417495339290625,5.516035979571814,31,51
0.15533148789184717,3.2871445809652093,31,52
0.11656482316962405,7.074460146166128,31,53
0.019248025963597537,9.449373165624108,31,54
0.019248025963597537,9.449373165624086,31,55
0.11656482316962409,7.0744601461661185,31,56
0.03526103144545496,10.43609058292322,31,57
0.11656482316962406,7.074460146166131,31,58
0.03417495339290637,5.51603597957184,31,59
0.11656482316962406,7.07446014616615,31,60
0.1165648231696239,7.07446014616615,31,61
0.11656482316962395,7.074460146166121,31,62
0.15533148789184711,3.28714458096521,31,63
0.15533148789184714,3.28714458096523,31,64
0.059736637372322585,6.981307568608212,31,65
0.016792921703121286,10.37316999102933,31,66
0.05973663737232284,6.981307568608173,31,67
0.0244259061011115,5.3960468804249695,31,68
0.006977943534657752,9.379835938385593,31,69
0.05973663737232272,6.981307568608211,31,70
0.059736637372322904,6.98130756860823,31,71
0.006977943534657752,9.379835938385579,31,72
0.0069779435346577125,9.37983593838558,31,73
0.02442590610111139,5.396046880424969,31,74
0.8296582171650061,3.081556182188202,31,75
0.02442590610111139,5.396046880425019,31,76
0.059736637372322786,6.981307568608229,31,77
0.059736637372322786,6.981307568608171,31,78
0.8296582171650062,3.081556182188158,31,79
0.8296582171650061,3.081556182188201,31,80
0.2996772912985223,6.574289161930419,32,1
0.031362747931658566,7.927333184396758,32,2
0.01795188026516935,11.032071959143627,32,3
0.031362747931658566,7.927333184396722,32,4
0.12833427487294122,10.103725960256511,32,5
0.12833427487294122,10.103725960256526,32,6
0.031362747931658504,7.927333184396756,32,7
0.031362747931658504,7.927333184396773,32,8
0.2996772912985225,6.5742891619304595,32,9
0.12833427487294116,10.103725960256513,32,10
0.29967729129852233,6.574289161930418,32,11
0.21805975777991995,4.857977413792086,32,12
0.2180597577799201,4.857977413792085,32,13
0.03136274793165842,7.927333184396774,32,14
0.03136274793165842,7.927333184396721,32,15
0.2180597577799201,4.8579774137920575,32,16
0.39327171258297683,4.429597434503723,32,17
0.03409733288189999,7.672287813637204,32,18
0.03409733288189999,7.672287813637202,32,19
0.393271712582977,4.429597434503723,32,20
0.03409737160921305,7.672287813637203,32,21
0.06898600626676371,8.859194869007448,32,22
0.03409733288190012,7.672287813637204,32,23
0.06898600626676371,8.859194869007448,32,24
0.034097371609212786,7.672287813637203,32,25
0.034097371609212786,7.672287813637203,32,26
0.3932717125829768,4.429597434503725,32,27
0.3932717125829769,4.429597434503726,32,28
0.393271712582977,4.429597434503723,32,29
0.0689860062667635,8.85919486900745,32,30
0.39327171258297705,4.429597434503724,32,31
2.408395572546543,0.0,32,32
0.046686235128299704,7.337424650224688,32,33
0.008045067189874246,9.647821897259965,32,34
0.008045067189874246,9.647821897259963,32,35
0.046686235128299704,7.337424650224688,32,36
0.1438482825242848,9.647821897259963,32,37
0.020964590792195793,10.616110436172507,32,38
0.008045067189873996,9.647821897259965,32,39
0.020964590792195793,10.616110436172507,32,40
0.14384828252428514,9.647821897259965,32,41
0.14384828252428492,9.647821897259965,32,42
0.046686235128299745,7.337424650224688,32,43
0.046686235128299745,7.337424650224689,32,44
0.04668623512829958,7.337424650224687,32,45
0.020964590792195783,10.616110436172507,32,46
0.04668623512829958,7.337424650224688,32,47
0.022523708854067678,5.849484341885438,32,48
0.15533148789184717,3.2871445809652093,32,49
0.03417495339290625,5.516035979571841,32,50
0.01924802596359755,9.449373165624086,32,51
0.03417495339290625,5.516035979571814,32,52
0.11656482316962409,7.0744601461661185,32,53
0.11656482316962405,7.074460146166129,32,54
0.019248025963597537,9.449373165624108,32,55
0.019248025963597537,9.449373165624085,32,56
0.11656482316962406,7.07446014616615,32,57
0.03526103144545496,10.43609058292322,32,58
0.11656482316962406,7.07446014616613,32,59
0.03417495339290637,5.51603597957184,32,60
0.15533148789184714,3.2871445809652315,32,61
0.1165648231696239,7.074460146166152,32,62
0.11656482316962395,7.074460146166119,32,63
0.15533148789184711,3.2871445809652093,32,64
0.0244259061011115,5.3960468804249695,32,65
0.059736637372322585,6.981307568608213,32,66
0.016792921703121286,10.373169991029329,32,67
0.05973663737232284,6.981307568608172,32,68
0.006977943534657752,9.379835938385579,32,69
0.006977943534657752,9.379835938385593,32,70
0.05973663737232272,6.981307568608211,32,71
0.059736637372322904,6.981307568608231,32,72
0.02442590610111139,5.39604688042502,32,73
0.0069779435346577125,9.37983593838558,32,74
0.02442590610111139,5.396046880424968,32,75
0.8296582171650061,3.081556182188202,32,76
0.8296582171650061,3.081556182188202,32,77
0.059736637372322786,6.981307568608232,32,78
0.059736637372322786,6.981307568608171,32,79
0.8296582171650062,3.0815561821881565,32,80
0.8296877263580419,3.0815561821881583,33,1
0.829687726358042,3.081556182188202,33,2
0.05974607789637033,6.981307568608229,33,3
0.05974607789637033,6.981307568608172,33,4
0.05974607789637038,6.981307568608172,33,5
0.024462246341899082,5.396046880424969,33,6
0.05974607789637038,6.981307568608211,33,7
0.016748106696298226,10.373169991029329,33,8
0.059746077896370334,6.98130756860823,33,9
0.006981118510169808,9.37983593838558,33,10
0.006981118510169808,9.379835938385595,33,11
0.059746077896370334,6.981307568608211,33,12
0.829687726358042,3.081556182188202,33,13
0.02446224634189903,5.396046880425018,33,14
0.0069811185101699555,9.37983593838558,33,15
0.02446224634189903,5.396046880424969,33,16
0.02264467847486725,5.849484341885438,33,17
0.04668191108354774,7.337424650224688,33,18
0.021005378702737505,10.616110436172507,33,19
0.04668191108354774,7.337424650224688,33,20
0.04668191108354748,7.337424650224689,33,21
0.04668191108354763,7.337424650224689,33,22
0.14384474457452048,9.647821897259965,33,23
0.14384474457452048,9.647821897259965,33,24
0.02100537870273741,10.616110436172507,33,25
0.008037086732528315,9.647821897259965,33,26
0.02100537870273741,10.616110436172507,33,27
0.14384474457452054,9.647821897259965,33,28
0.046681911083547724,7.337424650224688,33,29
0.008037086732528322,9.647821897259963,33,30
0.008037086732528322,9.647821897259965,33,31
0.046681911083547724,7.337424650224688,33,32
2.17508975069533,0.0,33,33
0.0809113791196967,4.429597434503725,33,34
0.019815855332348673,8.85919486900745,33,35
0.0809113791196967,4.429597434503725,33,36
0.08091137911969672,4.429597434503725,33,37
0.08091137911969672,4.429597434503725,33,38
0.0042876772767695024,7.672287813637203,33,39
0.0042876772767695024,7.672287813637205,33,40
0.019815855332348527,8.85919486900745,33,41
0.00428593790283312,7.672287813637204,33,42
0.019815855332348527,8.85919486900745,33,43
0.00428767727676965,7.672287813637204,33,44
0.08091137911969674,4.429597434503724,33,45
0.0042859379028332405,7.672287813637203,33,46
0.0042859379028332405,7.672287813637204,33,47
0.08091137911969674,4.429597434503725,33,48
0.05565597435117181,4.567447318216657,33,49
0.05565597435117169,4.567447318216671,33,50
0.010770336699837105,7.752692556022634,33,51
0.010770336699837105,7.752692556022608,33,52
0.28843264011764225,6.362618048920301,33,53
0.055655974351171464,4.567447318216657,33,54
0.28843264011764225,6.3626180489203215,33,55
0.05043444732894406,9.967291945745956,33,56
0.0504344473289443,9.967291945745956,33,57
0.01077033669983699,7.752692556022608,33,58
0.01077033669983699,7.752692556022616,33,59
0.0504344473289443,9.967291945745975,33,60
0.2884326401176423,6.3626180489203215,33,61
0.010770336699837124,7.752692556022634,33,62
0.0026414407173268226,10.907256399456937,33,63
0.010770336699837124,7.752692556022616,33,64
0.005853031758480202,7.989052921778411,33,65
0.005853031758480202,7.989052921778428,33,66
0.028064161093989144,10.152223079232481,33,67
0.028064161093989144,10.152223079232442,33,68
0.02806416109398931,10.152223079232442,33,69
0.011517614429410256,9.134894636433314,33,70
0.02806416109398931,10.152223079232469,33,71
0.09793524226328544,12.725236097840602,33,72
0.02806416109398923,10.152223079232483,33,73
0.007128493962174965,11.92938809470225,33,74
0.007128493962174965,11.929388094702261,33,75
0.02806416109398923,10.152223079232469,33,76
0.005853031758480175,7.989052921778428,33,77
0.011517614429410237,9.134894636433344,33,78
0.007128493962174965,11.929388094702253,33,79
0.011517614429410237,9.134894636433314,33,80
0.05974607789637033,6.981307568608172,34,1
0.8296877263580419,3.0815561821881583,34,2
0.829687726358042,3.081556182188201,34,3
0.05974607789637033,6.981307568608229,34,4
0.016748106696298226,10.37316999102933,34,5
0.05974607789637038,6.981307568608172,34,6
0.024462246341899082,5.396046880424969,34,7
0.05974607789637038,6.981307568608211,34,8
0.059746077896370334,6.981307568608211,34,9
0.059746077896370334,6.981307568608231,34,10
0.006981118510169808,9.37983593838558,34,11
0.006981118510169808,9.379835938385595,34,12
0.02446224634189903,5.396046880424969,34,13
0.829687726358042,3.081556182188202,34,14
0.02446224634189903,5.396046880425018,34,15
0.0069811185101699555,9.37983593838558,34,16
0.04668191108354774,7.337424650224688,34,17
0.02264467847486725,5.849484341885438,34,18
0.04668191108354774,7.337424650224688,34,19
0.021005378702737505,10.616110436172507,34,20
0.14384474457452048,9.647821897259965,34,21
0.04668191108354748,7.337424650224689,34,22
0.04668191108354763,7.337424650224688,34,23
0.14384474457452048,9.647821897259965,34,24
0.14384474457452054,9.647821897259965,34,25
0.02100537870273741,10.616110436172507,34,26
0.008037086732528315,9.647821897259965,34,27
0.02100537870273741,10.616110436172507,34,28
0.046681911083547724,7.337424650224688,34,29
0.046681911083547724,7.337424650224688,34,30
0.008037086732528322,9.647821897259963,34,31
0.008037086732528322,9.647821897259965,34,32
0.0809113791196967,4.429597434503725,34,33
2.17508975069533,0.0,34,34
0.0809113791196967,4.429597434503725,34,35
0.019815855332348673,8.85919486900745,34,36
0.0042876772767695024,7.672287813637204,34,37
0.08091137911969672,4.429597434503725,34,38
0.08091137911969672,4.429597434503725,34,39
0.0042876772767695024,7.672287813637203,34,40
0.00428767727676965,7.672287813637204,34,41
0.019815855332348527,8.85919486900745,34,42
0.00428593790283312,7.672287813637204,34,43
0.019815855332348527,8.85919486900745,34,44
0.08091137911969674,4.429597434503724,34,45
0.08091137911969674,4.429597434503724,34,46
0.0042859379028332405,7.672287813637203,34,47
0.0042859379028332405,7.672287813637204,34,48
0.010770336699837105,7.752692556022608,34,49
0.05565597435117181,4.567447318216657,34,50
0.05565597435117169,4.567447318216671,34,51
0.010770336699837105,7.752692556022634,34,52
0.05043444732894406,9.967291945745956,34,53
0.28843264011764225,6.362618048920301,34,54
0.055655974351171464,4.567447318216657,34,55
0.28843264011764225,6.362618048920322,34,56
0.0504344473289443,9.967291945745975,34,57
0.0504344473289443,9.967291945745956,34,58
0.01077033669983699,7.752692556022608,34,59
0.01077033669983699,7.752692556022616,34,60
0.010770336699837124,7.752692556022616,34,61
0.2884326401176423,6.3626180489203215,34,62
0.010770336699837124,7.752692556022634,34,63
0.0026414407173268226,10.907256399456937,34,64
0.028064161093989144,10.152223079232442,34,65
0.005853031758480202,7.989052921778411,34,66
0.005853031758480202,7.989052921778427,34,67
0.028064161093989144,10.152223079232481,34,68
0.09793524226328544,12.725236097840602,34,69
0.02806416109398931,10.152223079232442,34,70
0.011517614429410256,9.134894636433314,34,71
0.02806416109398931,10.152223079232469,34,72
0.02806416109398923,10.15222307923247,34,73
0.02806416109398923,10.152223079232483,34,74
0.007128493962174965,11.92938809470225,34,75
0.007128493962174965,11.929388094702261,34,76
0.011517614429410237,9.134894636433314,34,77
0.005853031758480175,7.989052921778428,34,78
0.011517614429410237,9.134894636433344,34,79
0.007128493962174965,11.929388094702253,34,80
0.05974607789637033,6.981307568608229,35,1
0.05974607789637033,6.981307568608172,35,2
0.8296877263580419,3.0815561821881587,35,3
0.829687726358042,3.081556182188201,35,4
0.05974607789637038,6.981307568608211,35,5
0.016748106696298226,10.37316999102933,35,6
0.05974607789637038,6.981307568608172,35,7
0.024462246341899082,5.396046880424969,35,8
0.006981118510169808,9.379835938385595,35,9
0.059746077896370334,6.981307568608211,35,10
0.059746077896370334,6.981307568608231,35,11
0.006981118510169808,9.37983593838558,35,12
0.0069811185101699555,9.37983593838558,35,13
0.02446224634189903,5.396046880424969,35,14
0.829687726358042,3.081556182188202,35,15
0.02446224634189903,5.396046880425018,35,16
0.021005378702737505,10.616110436172505,35,17
0.04668191108354774,7.337424650224688,35,18
0.02264467847486725,5.849484341885438,35,19
0.04668191108354774,7.337424650224688,35,20
0.14384474457452048,9.647821897259963,35,21
0.14384474457452048,9.647821897259965,35,22
0.04668191108354748,7.337424650224689,35,23
0.04668191108354763,7.337424650224688,35,24
0.02100537870273741,10.616110436172507,35,25
0.14384474457452054,9.647821897259965,35,26
0.02100537870273741,10.616110436172507,35,27
0.008037086732528315,9.647821897259965,35,28
0.008037086732528322,9.647821897259965,35,29
0.046681911083547724,7.337424650224689,35,30
0.046681911083547724,7.337424650224688,35,31
0.008037086732528322,9.647821897259965,35,32
0.019815855332348673,8.859194869007448,35,33
0.0809113791196967,4.429597434503725,35,34
2.17508975069533,0.0,35,35
0.0809113791196967,4.429597434503725,35,36
0.0042876772767695024,7.672287813637202,35,37
0.0042876772767695024,7.672287813637204,35,38
0.08091137911969672,4.429597434503726,35,39
0.08091137911969672,4.429597434503725,35,40
0.019815855332348527,8.859194869007448,35,41
0.00428767727676965,7.672287813637204,35,42
0.019815855332348527,8.85919486900745,35,43
0.00428593790283312,7.672287813637204,35,44
0.0042859379028332405,7.672287813637204,35,45
0.08091137911969674,4.429597434503725,35,46
0.08091137911969674,4.429597434503724,35,47
0.0042859379028332405,7.672287813637204,35,48
0.010770336699837105,7.752692556022634,35,49
0.010770336699837105,7.752692556022608,35,50
0.05565597435117181,4.567447318216657,35,51
0.05565597435117169,4.567447318216671,35,52
0.28843264011764225,6.3626180489203215,35,53
0.05043444732894406,9.967291945745956,35,54
0.28843264011764225,6.362618048920301,35,55
0.055655974351171464,4.567447318216657,35,56
0.01077033669983699,7.752692556022616,35,57
0.0504344473289443,9.967291945745975,35,58
0.0504344473289443,9.967291945745956,35,59
0.01077033669983699,7.752692556022608,35,60
0.0026414407173268226,10.907256399456937,35,61
0.010770336699837124,7.752692556022616,35,62
0.2884326401176423,6.3626180489203215,35,63
0.010770336699837124,7.752692556022633,35,64
0.028064161093989144,10.152223079232481,35,65
0.028064161093989144,10.152223079232442,35,66
0.005853031758480202,7.989052921778411,35,67
0.005853031758480202,7.989052921778427,35,68
0.02806416109398931,10.152223079232469,35,69
0.09793524226328544,12.725236097840602,35,70
0.02806416109398931,10.152223079232442,35,71
0.011517614429410256,9.134894636433314,35,72
0.007128493962174965,11.929388094702261,35,73
0.02806416109398923,10.152223079232469,35,74
0.02806416109398923,10.152223079232483,35,75
0.007128493962174965,11.92938809470225,35,76
0.007128493962174965,11.929388094702253,35,77
0.011517614429410237,9.134894636433314,35,78
0.005853031758480175,7.989052921778428,35,79
0.011517614429410237,9.134894636433344,35,80
0.829687726358042,3.081556182188201,36,1
0.05974607789637033,6.981307568608231,36,2
0.05974607789637033,6.981307568608173,36,3
0.8296877263580419,3.0815561821881587,36,4
0.024462246341899082,5.396046880424969,36,5
0.05974607789637038,6.981307568608213,36,6
0.016748106696298226,10.37316999102933,36,7
0.05974607789637038,6.981307568608172,36,8
0.006981118510169808,9.37983593838558,36,9
0.006981118510169808,9.379835938385595,36,10
0.059746077896370334,6.981307568608211,36,11
0.059746077896370334,6.98130756860823,36,12
0.02446224634189903,5.396046880425018,36,13
0.0069811185101699555,9.37983593838558,36,14
0.02446224634189903,5.396046880424969,36,15
0.829687726358042,3.081556182188202,36,16
0.04668191108354774,7.337424650224687,36,17
0.021005378702737505,10.616110436172507,36,18
0.04668191108354774,7.337424650224688,36,19
0.02264467847486725,5.849484341885438,36,20
0.04668191108354763,7.337424650224688,36,21
0.14384474457452048,9.647821897259965,36,22
0.14384474457452048,9.647821897259965,36,23
0.04668191108354748,7.337424650224689,36,24
0.008037086732528315,9.647821897259965,36,25
0.02100537870273741,10.616110436172507,36,26
0.14384474457452054,9.647821897259965,36,27
0.02100537870273741,10.616110436172507,36,28
0.008037086732528322,9.647821897259963,36,29
0.008037086732528322,9.647821897259965,36,30
0.046681911083547724,7.337424650224689,36,31
0.046681911083547724,7.337424650224689,36,32
0.0809113791196967,4.429597434503723,36,33
0.019815855332348673,8.85919486900745,36,34
0.0809113791196967,4.429597434503725,36,35
2.17508975069533,0.0,36,36
0.08091137911969672,4.429597434503724,36,37
0.0042876772767695024,7.672287813637203,36,38
0.0042876772767695024,7.672287813637205,36,39
0.08091137911969672,4.429597434503726,36,40
0.00428593790283312,7.672287813637204,36,41
0.019815855332348527,8.859194869007448,36,42
0.00428767727676965,7.672287813637204,36,43
0.019815855332348527,8.859194869007448,36,44
0.0042859379028332405,7.672287813637203,36,45
0.0042859379028332405,7.672287813637204,36,46
0.08091137911969674,4.429597434503725,36,47
0.08091137911969674,4.429597434503725,36,48
0.05565597435117169,4.567447318216671,36,49
0.010770336699837105,7.752692556022635,36,50
0.010770336699837105,7.752692556022608,36,51
0.05565597435117181,4.567447318216657,36,52
0.055655974351171464,4.567447318216657,36,53
0.28843264011764225,6.362618048920322,36,54
0.05043444732894406,9.967291945745956,36,55
0.28843264011764225,6.3626180489203,36,56
0.01077033669983699,7.752692556022608,36,57
0.01077033669983699,7.752692556022616,36,58
0.0504344473289443,9.967291945745975,36,59
0.0504344473289443,9.967291945745956,36,60
0.010770336699837124,7.752692556022634,36,61
0.0026414407173268226,10.907256399456937,36,62
0.010770336699837124,7.752692556022615,36,63
0.2884326401176423,6.3626180489203215,36,64
0.005853031758480202,7.989052921778427,36,65
0.028064161093989144,10.152223079232483,36,66
0.028064161093989144,10.152223079232444,36,67
0.005853031758480202,7.989052921778411,36,68
0.011517614429410256,9.134894636433314,36,69
0.02806416109398931,10.15222307923247,36,70
0.09793524226328544,12.725236097840602,36,71
0.02806416109398931,10.152223079232442,36,72
0.007128493962174965,11.92938809470225,36,73
0.007128493962174965,11.929388094702261,36,74
0.02806416109398923,10.152223079232469,36,75
0.02806416109398923,10.152223079232483,36,76
0.011517614429410237,9.134894636433344,36,77
0.007128493962174965,11.929388094702253,36,78
0.011517614429410237,9.134894636433314,36,79
0.005853031758480175,7.989052921778428,36,80
0.829687726358042,3.081556182188202,37,1
0.02446224634189903,5.396046880425018,37,2
0.0069811185101699555,9.37983593838558,37,3
0.02446224634189903,5.396046880424969,37,4
0.8296877263580419,3.081556182188158,37,5
0.829687726358042,3.0815561821882014,37,6
0.05974607789637033,6.981307568608229,37,7
0.05974607789637033,6.981307568608171,37,8
0.05974607789637038,6.981307568608172,37,9
0.024462246341899082,5.396046880424969,37,10
0.05974607789637038,6.981307568608211,37,11
0.016748106696298226,10.373169991029329,37,12
0.059746077896370334,6.98130756860823,37,13
0.006981118510169808,9.37983593838558,37,14
0.006981118510169808,9.379835938385595,37,15
0.059746077896370334,6.981307568608211,37,16
0.046681911083547724,7.337424650224689,37,17
0.008037086732528322,9.647821897259965,37,18
0.008037086732528322,9.647821897259965,37,19
0.046681911083547724,7.337424650224689,37,20
0.02264467847486725,5.849484341885438,37,21
0.04668191108354774,7.337424650224688,37,22
0.021005378702737505,10.616110436172507,37,23
0.04668191108354774,7.337424650224689,37,24
0.04668191108354748,7.337424650224688,37,25
0.04668191108354763,7.337424650224688,37,26
0.14384474457452048,9.647821897259965,37,27
0.14384474457452048,9.647821897259965,37,28
0.02100537870273741,10.616110436172507,37,29
0.008037086732528315,9.647821897259965,37,30
0.02100537870273741,10.616110436172507,37,31
0.14384474457452054,9.647821897259965,37,32
0.08091137911969674,4.429597434503725,37,33
0.0042859379028332405,7.672287813637204,37,34
0.0042859379028332405,7.672287813637204,37,35
0.08091137911969674,4.429597434503726,37,36
2.17508975069533,0.0,37,37
0.0809113791196967,4.429597434503725,37,38
0.019815855332348673,8.85919486900745,37,39
0.0809113791196967,4.429597434503726,37,40
0.08091137911969672,4.429597434503724,37,41
0.08091137911969672,4.429597434503724,37,42
0.0042876772767695024,7.672287813637204,37,43
0.0042876772767695024,7.672287813637204,37,44
0.019815855332348527,8.85919486900745,37,45
0.00428593790283312,7.672287813637204,37,46
0.019815855332348527,8.85919486900745,37,47
0.00428767727676965,7.672287813637204,37,48
0.2884326401176423,6.362618048920322,37,49
0.010770336699837124,7.752692556022634,37,50
0.0026414407173268226,10.907256399456935,37,51
0.010770336699837124,7.752692556022617,37,52
0.05565597435117181,4.567447318216657,37,53
0.05565597435117169,4.567447318216671,37,54
0.010770336699837105,7.752692556022634,37,55
0.010770336699837105,7.752692556022608,37,56
0.28843264011764225,6.3626180489203,37,57
0.055655974351171464,4.567447318216656,37,58
0.28843264011764225,6.3626180489203215,37,59
0.05043444732894406,9.967291945745954,37,60
0.0504344473289443,9.967291945745954,37,61
0.01077033669983699,7.752692556022607,37,62
0.01077033669983699,7.752692556022615,37,63
0.0504344473289443,9.967291945745973,37,64
0.005853031758480175,7.989052921778428,37,65
0.011517614429410237,9.134894636433344,37,66
0.007128493962174965,11.929388094702253,37,67
0.011517614429410237,9.134894636433314,37,68
0.005853031758480202,7.989052921778411,37,69
0.005853031758480202,7.989052921778428,37,70
0.028064161093989144,10.152223079232481,37,71
0.028064161093989144,10.152223079232442,37,72
0.02806416109398931,10.152223079232442,37,73
0.011517614429410256,9.134894636433314,37,74
0.02806416109398931,10.152223079232469,37,75
0.09793524226328544,12.725236097840602,37,76
0.02806416109398923,10.152223079232483,37,77
0.007128493962174965,11.92938809470225,37,78
0.007128493962174965,11.929388094702261,37,79
0.02806416109398923,10.152223079232469,37,80
0.02446224634189903,5.396046880424969,38,1
0.829687726358042,3.081556182188202,38,2
0.02446224634189903,5.3960468804250175,38,3
0.0069811185101699555,9.37983593838558,38,4
0.05974607789637033,6.981307568608171,38,5
0.8296877263580419,3.081556182188158,38,6
0.829687726358042,3.0815561821882014,38,7
0.05974607789637033,6.981307568608229,38,8
0.016748106696298226,10.37316999102933,38,9
0.05974607789637038,6.981307568608172,38,10
0.024462246341899082,5.396046880424969,38,11
0.05974607789637038,6.981307568608211,38,12
0.059746077896370334,6.981307568608211,38,13
0.059746077896370334,6.98130756860823,38,14
0.006981118510169808,9.37983593838558,38,15
0.006981118510169808,9.379835938385595,38,16
0.046681911083547724,7.337424650224689,38,17
0.046681911083547724,7.337424650224689,38,18
0.008037086732528322,9.647821897259965,38,19
0.008037086732528322,9.647821897259965,38,20
0.04668191108354774,7.337424650224688,38,21
0.02264467847486725,5.849484341885438,38,22
0.04668191108354774,7.337424650224688,38,23
0.021005378702737505,10.616110436172507,38,24
0.14384474457452048,9.647821897259965,38,25
0.04668191108354748,7.337424650224688,38,26
0.04668191108354763,7.337424650224688,38,27
0.14384474457452048,9.647821897259965,38,28
0.14384474457452054,9.647821897259965,38,29
0.02100537870273741,10.616110436172507,38,30
0.008037086732528315,9.647821897259965,38,31
0.02100537870273741,10.616110436172507,38,32
0.08091137911969674,4.429597434503725,38,33
0.08091137911969674,4.429597434503725,38,34
0.0042859379028332405,7.672287813637204,38,35
0.0042859379028332405,7.672287813637205,38,36
0.0809113791196967,4.429597434503725,38,37
2.17508975069533,0.0,38,38
0.0809113791196967,4.429597434503724,38,39
0.019815855332348673,8.85919486900745,38,40
0.0042876772767695024,7.672287813637204,38,41
0.08091137911969672,4.429597434503724,38,42
0.08091137911969672,4.429597434503724,38,43
0.0042876772767695024,7.672287813637204,38,44
0.00428767727676965,7.672287813637204,38,45
0.019815855332348527,8.85919486900745,38,46
0.00428593790283312,7.672287813637204,38,47
0.019815855332348527,8.85919486900745,38,48
0.010770336699837124,7.752692556022617,38,49
0.2884326401176423,6.362618048920322,38,50
0.010770336699837124,7.752692556022634,38,51
0.0026414407173268226,10.907256399456937,38,52
0.010770336699837105,7.752692556022608,38,53
0.05565597435117181,4.567447318216657,38,54
0.05565597435117169,4.567447318216671,38,55
0.010770336699837105,7.752692556022635,38,56
0.05043444732894406,9.967291945745956,38,57
0.28843264011764225,6.3626180489203,38,58
0.055655974351171464,4.567447318216656,38,59
0.28843264011764225,6.3626180489203215,38,60
0.0504344473289443,9.967291945745975,38,61
0.0504344473289443,9.967291945745954,38,62
0.01077033669983699,7.752692556022607,38,63
0.01077033669983699,7.752692556022615,38,64
0.011517614429410237,9.134894636433314,38,65
0.005853031758480175,7.989052921778428,38,66
0.011517614429410237,9.134894636433344,38,67
0.007128493962174965,11.929388094702253,38,68
0.028064161093989144,10.152223079232442,38,69
0.005853031758480202,7.989052921778411,38,70
0.005853031758480202,7.989052921778428,38,71
0.028064161093989144,10.152223079232481,38,72
0.09793524226328544,12.725236097840602,38,73
0.02806416109398931,10.152223079232442,38,74
0.011517614429410256,9.134894636433314,38,75
0.02806416109398931,10.152223079232469,38,76
0.02806416109398923,10.15222307923247,38,77
0.02806416109398923,10.152223079232483,38,78
0.007128493962174965,11.92938809470225,38,79
0.007128493962174965,11.929388094702261,38,80
0.0069811185101699555,9.37983593838558,39,1
0.02446224634189903,5.396046880424968,39,2
0.829687726358042,3.081556182188202,39,3
0.02446224634189903,5.396046880425018,39,4
0.05974607789637033,6.98130756860823,39,5
0.05974607789637033,6.981307568608171,39,6
0.8296877263580419,3.0815561821881574,39,7
0.829687726358042,3.081556182188202,39,8
0.05974607789637038,6.981307568608212,39,9
0.016748106696298226,10.373169991029329,39,10
0.05974607789637038,6.981307568608171,39,11
0.024462246341899082,5.396046880424969,39,12
0.006981118510169808,9.379835938385595,39,13
0.059746077896370334,6.981307568608211,39,14
0.059746077896370334,6.981307568608231,39,15
0.006981118510169808,9.37983593838558,39,16
0.008037086732528322,9.647821897259965,39,17
0.046681911083547724,7.337424650224688,39,18
0.046681911083547724,7.337424650224689,39,19
0.008037086732528322,9.647821897259965,39,20
0.021005378702737505,10.616110436172505,39,21
0.04668191108354774,7.337424650224688,39,22
0.02264467847486725,5.849484341885438,39,23
0.04668191108354774,7.337424650224688,39,24
0.14384474457452048,9.647821897259963,39,25
0.14384474457452048,9.647821897259963,39,26
0.04668191108354748,7.337424650224688,39,27
0.04668191108354763,7.337424650224689,39,28
0.02100537870273741,10.616110436172507,39,29
0.14384474457452054,9.647821897259965,39,30
0.02100537870273741,10.616110436172507,39,31
0.008037086732528315,9.647821897259965,39,32
0.0042859379028332405,7.672287813637203,39,33
0.08091137911969674,4.429597434503725,39,34
0.08091137911969674,4.429597434503726,39,35
0.0042859379028332405,7.672287813637205,39,36
0.019815855332348673,8.859194869007448,39,37
0.0809113791196967,4.429597434503724,39,38
2.17508975069533,0.0,39,39
0.0809113791196967,4.429597434503725,39,40
0.0042876772767695024,7.672287813637203,39,41
0.0042876772767695024,7.672287813637203,39,42
0.08091137911969672,4.429597434503724,39,43
0.08091137911969672,4.429597434503725,39,44
0.019815855332348527,8.859194869007448,39,45
0.00428767727676965,7.672287813637204,39,46
0.019815855332348527,8.85919486900745,39,47
0.00428593790283312,7.672287813637204,39,48
0.0026414407173268226,10.907256399456935,39,49
0.010770336699837124,7.752692556022616,39,50
0.2884326401176423,6.362618048920322,39,51
0.010770336699837124,7.752692556022635,39,52
0.010770336699837105,7.752692556022634,39,53
0.010770336699837105,7.752692556022607,39,54
0.05565597435117181,4.567447318216656,39,55
0.05565597435117169,4.567447318216672,39,56
0.28843264011764225,6.362618048920322,39,57
0.05043444732894406,9.967291945745954,39,58
0.28843264011764225,6.3626180489203,39,59
0.055655974351171464,4.567447318216656,39,60
0.01077033669983699,7.752692556022616,39,61
0.0504344473289443,9.967291945745975,39,62
0.0504344473289443,9.967291945745954,39,63
0.01077033669983699,7.752692556022607,39,64
0.007128493962174965,11.929388094702253,39,65
0.011517614429410237,9.134894636433314,39,66
0.005853031758480175,7.989052921778428,39,67
0.011517614429410237,9.134894636433344,39,68
0.028064161093989144,10.152223079232483,39,69
0.028064161093989144,10.152223079232442,39,70
0.005853031758480202,7.98905292177841,39,71
0.005853031758480202,7.989052921778428,39,72
0.02806416109398931,10.15222307923247,39,73
0.09793524226328544,12.725236097840602,39,74
0.02806416109398931,10.152223079232442,39,75
0.011517614429410256,9.134894636433314,39,76
0.007128493962174965,11.929388094702261,39,77
0.02806416109398923,10.152223079232469,39,78
0.02806416109398923,10.152223079232483,39,79
0.007128493962174965,11.92938809470225,39,80
0.02446224634189903,5.396046880425018,40,1
0.0069811185101699555,9.37983593838558,40,2
0.02446224634189903,5.396046880424969,40,3
0.829687726358042,3.081556182188202,40,4
0.829687726358042,3.081556182188202,40,5
0.05974607789637033,6.9813075686082335,40,6
0.05974607789637033,6.981307568608171,40,7
0.8296877263580419,3.0815561821881574,40,8
0.024462246341899082,5.396046880424969,40,9
0.05974607789637038,6.981307568608213,40,10
0.016748106696298226,10.373169991029329,40,11
0.05974607789637038,6.981307568608171,40,12
0.006981118510169808,9.37983593838558,40,13
0.006981118510169808,9.379835938385595,40,14
0.059746077896370334,6.981307568608211,40,15
0.059746077896370334,6.981307568608231,40,16
0.008037086732528322,9.647821897259965,40,17
0.008037086732528322,9.647821897259965,40,18
0.046681911083547724,7.337424650224688,40,19
0.046681911083547724,7.337424650224689,40,20
0.04668191108354774,7.337424650224687,40,21
0.021005378702737505,10.616110436172507,40,22
0.04668191108354774,7.337424650224688,40,23
0.02264467847486725,5.849484341885438,40,24
0.04668191108354763,7.337424650224688,40,25
0.14384474457452048,9.647821897259963,40,26
0.14384474457452048,9.647821897259963,40,27
0.04668191108354748,7.337424650224688,40,28
0.008037086732528315,9.647821897259965,40,29
0.02100537870273741,10.616110436172507,40,30
0.14384474457452054,9.647821897259965,40,31
0.02100537870273741,10.616110436172507,40,32
0.0042859379028332405,7.672287813637203,40,33
0.0042859379028332405,7.672287813637203,40,34
0.08091137911969674,4.429597434503725,40,35
0.08091137911969674,4.429597434503726,40,36
0.0809113791196967,4.429597434503723,40,37
0.019815855332348673,8.85919486900745,40,38
0.0809113791196967,4.429597434503725,40,39
2.17508975069533,0.0,40,40
0.08091137911969672,4.429597434503724,40,41
0.0042876772767695024,7.672287813637203,40,42
0.0042876772767695024,7.672287813637203,40,43
0.08091137911969672,4.429597434503724,40,44
0.00428593790283312,7.672287813637204,40,45
0.019815855332348527,8.85919486900745,40,46
0.00428767727676965,7.672287813637204,40,47
0.019815855332348527,8.85919486900745,40,48
0.010770336699837124,7.752692556022635,40,49
0.0026414407173268226,10.907256399456935,40,50
0.010770336699837124,7.752692556022616,40,51
0.2884326401176423,6.362618048920322,40,52
0.05565597435117169,4.567447318216671,40,53
0.010770336699837105,7.752692556022635,40,54
0.010770336699837105,7.752692556022607,40,55
0.05565597435117181,4.567447318216656,40,56
0.055655974351171464,4.567447318216656,40,57
0.28843264011764225,6.362618048920322,40,58
0.05043444732894406,9.967291945745954,40,59
0.28843264011764225,6.3626180489203,40,60
0.01077033669983699,7.752692556022606,40,61
0.01077033669983699,7.752692556022616,40,62
0.0504344473289443,9.967291945745975,40,63
0.0504344473289443,9.967291945745954,40,64
0.011517614429410237,9.134894636433344,40,65
0.007128493962174965,11.92938809470225,40,66
0.011517614429410237,9.134894636433314,40,67
0.005853031758480175,7.989052921778428,40,68
0.005853031758480202,7.989052921778428,40,69
0.028064161093989144,10.152223079232485,40,70
0.028064161093989144,10.152223079232442,40,71
0.005853031758480202,7.98905292177841,40,72
0.011517614429410256,9.134894636433314,40,73
0.02806416109398931,10.15222307923247,40,74
0.09793524226328544,12.725236097840602,40,75
0.02806416109398931,10.152223079232442,40,76
0.007128493962174965,11.92938809470225,40,77
0.007128493962174965,11.929388094702261,40,78
0.02806416109398923,10.152223079232469,40,79
0.02806416109398923,10.152223079232483,40,80
0.059746077896370334,6.98130756860823,41,1
0.006981118510169808,9.379835938385582,41,2
0.006981118510169808,9.379835938385597,41,3
0.059746077896370334,6.981307568608211,41,4
0.829687726358042,3.081556182188202,41,5
0.02446224634189903,5.396046880425018,41,6
0.0069811185101699555,9.37983593838558,41,7
0.02446224634189903,5.396046880424968,41,8
0.8296877263580419,3.0815561821881583,41,9
0.829687726358042,3.081556182188202,41,10
0.05974607789637033,6.98130756860823,41,11
0.05974607789637033,6.981307568608171,41,12
0.05974607789637038,6.981307568608171,41,13
0.024462246341899082,5.396046880424968,41,14
0.05974607789637038,6.98130756860821,41,15
0.016748106696298226,10.373169991029329,41,16
0.02100537870273741,10.616110436172507,41,17
0.008037086732528315,9.647821897259963,41,18
0.02100537870273741,10.616110436172507,41,19
0.14384474457452054,9.647821897259965,41,20
0.046681911083547724,7.337424650224688,41,21
0.008037086732528322,9.647821897259965,41,22
0.008037086732528322,9.647821897259965,41,23
0.046681911083547724,7.337424650224689,41,24
0.02264467847486725,5.849484341885438,41,25
0.04668191108354774,7.337424650224688,41,26
0.021005378702737505,10.616110436172507,41,27
0.04668191108354774,7.337424650224689,41,28
0.04668191108354748,7.337424650224689,41,29
0.04668191108354763,7.337424650224689,41,30
0.14384474457452048,9.647821897259965,41,31
0.14384474457452048,9.647821897259965,41,32
0.019815855332348527,8.859194869007448,41,33
0.00428593790283312,7.672287813637203,41,34
0.019815855332348527,8.859194869007448,41,35
0.00428767727676965,7.672287813637204,41,36
0.08091137911969674,4.429597434503724,41,37
0.0042859379028332405,7.672287813637204,41,38
0.0042859379028332405,7.672287813637204,41,39
0.08091137911969674,4.429597434503725,41,40
2.17508975069533,0.0,41,41
0.0809113791196967,4.429597434503725,41,42
0.019815855332348673,8.85919486900745,41,43
0.0809113791196967,4.429597434503726,41,44
0.08091137911969672,4.429597434503725,41,45
0.08091137911969672,4.429597434503725,41,46
0.0042876772767695024,7.672287813637204,41,47
0.0042876772767695024,7.672287813637205,41,48
0.0504344473289443,9.967291945745956,41,49
0.01077033669983699,7.752692556022608,41,50
0.01077033669983699,7.752692556022616,41,51
0.0504344473289443,9.967291945745975,41,52
0.2884326401176423,6.3626180489203215,41,53
0.010770336699837124,7.752692556022634,41,54
0.0026414407173268226,10.907256399456935,41,55
0.010770336699837124,7.752692556022616,41,56
0.05565597435117181,4.567447318216657,41,57
0.05565597435117169,4.567447318216671,41,58
0.010770336699837105,7.752692556022634,41,59
0.010770336699837105,7.752692556022608,41,60
0.28843264011764225,6.3626180489203,41,61
0.055655974351171464,4.567447318216656,41,62
0.28843264011764225,6.3626180489203215,41,63
0.05043444732894406,9.967291945745956,41,64
0.02806416109398923,10.152223079232483,41,65
0.007128493962174965,11.929388094702253,41,66
0.007128493962174965,11.929388094702265,41,67
0.02806416109398923,10.15222307923247,41,68
0.005853031758480175,7.989052921778428,41,69
0.011517614429410237,9.134894636433344,41,70
0.007128493962174965,11.929388094702253,41,71
0.011517614429410237,9.134894636433314,41,72
0.005853031758480202,7.989052921778411,41,73
0.005853031758480202,7.989052921778428,41,74
0.028064161093989144,10.152223079232483,41,75
0.028064161093989144,10.152223079232442,41,76
0.02806416109398931,10.152223079232442,41,77
0.011517614429410256,9.134894636433314,41,78
0.02806416109398931,10.152223079232469,41,79
0.09793524226328544,12.725236097840602,41,80
0.059746077896370334,6.981307568608211,42,1
0.059746077896370334,6.98130756860823,42,2
0.006981118510169808,9.379835938385582,42,3
0.006981118510169808,9.379835938385597,42,4
0.02446224634189903,5.396046880424969,42,5
0.829687726358042,3.081556182188202,42,6
0.02446224634189903,5.396046880425018,42,7
0.0069811185101699555,9.37983593838558,42,8
0.05974607789637033,6.981307568608172,42,9
0.8296877263580419,3.0815561821881583,42,10
0.829687726358042,3.081556182188202,42,11
0.05974607789637033,6.981307568608231,42,12
0.016748106696298226,10.373169991029329,42,13
0.05974607789637038,6.981307568608171,42,14
0.024462246341899082,5.396046880424968,42,15
0.05974607789637038,6.98130756860821,42,16
0.14384474457452054,9.647821897259965,42,17
0.02100537870273741,10.616110436172507,42,18
0.008037086732528315,9.647821897259963,42,19
0.02100537870273741,10.616110436172507,42,20
0.046681911083547724,7.337424650224688,42,21
0.046681911083547724,7.337424650224688,42,22
0.008037086732528322,9.647821897259963,42,23
0.008037086732528322,9.647821897259965,42,24
0.04668191108354774,7.337424650224688,42,25
0.02264467847486725,5.849484341885438,42,26
0.04668191108354774,7.337424650224688,42,27
0.021005378702737505,10.616110436172507,42,28
0.14384474457452048,9.647821897259965,42,29
0.04668191108354748,7.337424650224689,42,30
0.04668191108354763,7.337424650224689,42,31
0.14384474457452048,9.647821897259965,42,32
0.00428767727676965,7.672287813637204,42,33
0.019815855332348527,8.859194869007448,42,34
0.00428593790283312,7.672287813637203,42,35
0.019815855332348527,8.859194869007448,42,36
0.08091137911969674,4.429597434503724,42,37
0.08091137911969674,4.429597434503724,42,38
0.0042859379028332405,7.672287813637203,42,39
0.0042859379028332405,7.672287813637204,42,40
0.0809113791196967,4.429597434503725,42,41
2.17508975069533,0.0,42,42
0.0809113791196967,4.429597434503725,42,43
0.019815855332348673,8.85919486900745,42,44
0.0042876772767695024,7.672287813637204,42,45
0.08091137911969672,4.429597434503725,42,46
0.08091137911969672,4.429597434503725,42,47
0.0042876772767695024,7.672287813637203,42,48
0.0504344473289443,9.967291945745975,42,49
0.0504344473289443,9.967291945745956,42,50
0.01077033669983699,7.752692556022608,42,51
0.01077033669983699,7.752692556022616,42,52
0.010770336699837124,7.752692556022616,42,53
0.2884326401176423,6.3626180489203215,42,54
0.010770336699837124,7.752692556022634,42,55
0.0026414407173268226,10.907256399456935,42,56
0.010770336699837105,7.752692556022608,42,57
0.05565597435117181,4.567447318216657,42,58
0.05565597435117169,4.567447318216671,42,59
0.010770336699837105,7.752692556022634,42,60
0.05043444732894406,9.967291945745956,42,61
0.28843264011764225,6.3626180489203,42,62
0.055655974351171464,4.567447318216656,42,63
0.28843264011764225,6.3626180489203215,42,64
0.02806416109398923,10.15222307923247,42,65
0.02806416109398923,10.152223079232483,42,66
0.007128493962174965,11.929388094702253,42,67
0.007128493962174965,11.929388094702263,42,68
0.011517614429410237,9.134894636433314,42,69
0.005853031758480175,7.989052921778428,42,70
0.011517614429410237,9.134894636433344,42,71
0.007128493962174965,11.92938809470225,42,72
0.028064161093989144,10.152223079232442,42,73
0.005853031758480202,7.989052921778411,42,74
0.005853031758480202,7.989052921778428,42,75
0.028064161093989144,10.152223079232483,42,76
0.09793524226328544,12.725236097840602,42,77
0.02806416109398931,10.152223079232442,42,78
0.011517614429410256,9.134894636433314,42,79
0.02806416109398931,10.152223079232469,42,80
0.006981118510169808,9.379835938385597,43,1
0.059746077896370334,6.981307568608211,43,2
0.059746077896370334,6.98130756860823,43,3
0.006981118510169808,9.379835938385582,43,4
0.0069811185101699555,9.37983593838558,43,5
0.02446224634189903,5.396046880424969,43,6
0.829687726358042,3.081556182188202,43,7
0.02446224634189903,5.396046880425018,43,8
0.05974607789637033,6.981307568608231,43,9
0.05974607789637033,6.981307568608172,43,10
0.8296877263580419,3.0815561821881583,43,11
0.829687726358042,3.0815561821882023,43,12
0.05974607789637038,6.98130756860821,43,13
0.016748106696298226,10.373169991029329,43,14
0.05974607789637038,6.981307568608171,43,15
0.024462246341899082,5.396046880424968,43,16
0.02100537870273741,10.616110436172505,43,17
0.14384474457452054,9.647821897259965,43,18
0.02100537870273741,10.616110436172507,43,19
0.008037086732528315,9.647821897259963,43,20
0.008037086732528322,9.647821897259965,43,21
0.046681911083547724,7.337424650224688,43,22
0.046681911083547724,7.337424650224688,43,23
0.008037086732528322,9.647821897259963,43,24
0.021005378702737505,10.616110436172505,43,25
0.04668191108354774,7.337424650224688,43,26
0.02264467847486725,5.849484341885438,43,27
0.04668191108354774,7.337424650224688,43,28
0.14384474457452048,9.647821897259963,43,29
0.14384474457452048,9.647821897259965,43,30
0.04668191108354748,7.337424650224689,43,31
0.04668191108354763,7.337424650224688,43,32
0.019815855332348527,8.859194869007448,43,33
0.00428767727676965,7.672287813637204,43,34
0.019815855332348527,8.859194869007448,43,35
0.00428593790283312,7.672287813637203,43,36
0.0042859379028332405,7.672287813637204,43,37
0.08091137911969674,4.429597434503724,43,38
0.08091137911969674,4.429597434503724,43,39
0.0042859379028332405,7.672287813637203,43,40
0.019815855332348673,8.859194869007448,43,41
0.0809113791196967,4.429597434503725,43,42
2.17508975069533,0.0,43,43
0.0809113791196967,4.429597434503725,43,44
0.0042876772767695024,7.672287813637202,43,45
0.0042876772767695024,7.672287813637204,43,46
0.08091137911969672,4.429597434503725,43,47
0.08091137911969672,4.429597434503725,43,48
0.01077033669983699,7.752692556022616,43,49
0.0504344473289443,9.967291945745975,43,50
0.0504344473289443,9.967291945745956,43,51
0.01077033669983699,7.752692556022608,43,52
0.0026414407173268226,10.907256399456935,43,53
0.010770336699837124,7.752692556022616,43,54
0.2884326401176423,6.3626180489203215,43,55
0.010770336699837124,7.752692556022634,43,56
0.010770336699837105,7.752692556022634,43,57
0.010770336699837105,7.752692556022608,43,58
0.05565597435117181,4.567447318216657,43,59
0.05565597435117169,4.567447318216671,43,60
0.28843264011764225,6.362618048920322,43,61
0.05043444732894406,9.967291945745956,43,62
0.28843264011764225,6.3626180489203,43,63
0.055655974351171464,4.567447318216656,43,64
0.007128493962174965,11.929388094702263,43,65
0.02806416109398923,10.15222307923247,43,66
0.02806416109398923,10.152223079232483,43,67
0.007128493962174965,11.929388094702253,43,68
0.007128493962174965,11.929388094702253,43,69
0.011517614429410237,9.134894636433314,43,70
0.005853031758480175,7.989052921778428,43,71
0.011517614429410237,9.134894636433344,43,72
0.028064161093989144,10.152223079232483,43,73
0.028064161093989144,10.152223079232442,43,74
0.005853031758480202,7.989052921778411,43,75
0.005853031758480202,7.989052921778428,43,76
0.02806416109398931,10.152223079232469,43,77
0.09793524226328544,12.725236097840602,43,78
0.02806416109398931,10.152223079232442,43,79
0.011517614429410256,9.134894636433314,43,80
0.006981118510169808,9.379835938385582,44,1
0.006981118510169808,9.379835938385597,44,2
0.059746077896370334,6.981307568608211,44,3
0.059746077896370334,6.98130756860823,44,4
0.02446224634189903,5.396046880425018,44,5
0.0069811185101699555,9.37983593838558,44,6
0.02446224634189903,5.396046880424969,44,7
0.829687726358042,3.081556182188202,44,8
0.829687726358042,3.0815561821882023,44,9
0.05974607789637033,6.981307568608233,44,10
0.05974607789637033,6.981307568608172,44,11
0.8296877263580419,3.081556182188158,44,12
0.024462246341899082,5.396046880424968,44,13
0.05974607789637038,6.981307568608211,44,14
0.016748106696298226,10.373169991029329,44,15
0.05974607789637038,6.981307568608171,44,16
0.008037086732528315,9.647821897259963,44,17
0.02100537870273741,10.616110436172507,44,18
0.14384474457452054,9.647821897259965,44,19
0.02100537870273741,10.616110436172507,44,20
0.008037086732528322,9.647821897259963,44,21
0.008037086732528322,9.647821897259965,44,22
0.046681911083547724,7.337424650224689,44,23
0.046681911083547724,7.337424650224688,44,24
0.04668191108354774,7.337424650224687,44,25
0.021005378702737505,10.616110436172505,44,26
0.04668191108354774,7.337424650224688,44,27
0.02264467847486725,5.849484341885438,44,28
0.04668191108354763,7.337424650224688,44,29
0.14384474457452048,9.647821897259965,44,30
0.14384474457452048,9.647821897259965,44,31
0.04668191108354748,7.337424650224689,44,32
0.00428593790283312,7.672287813637203,44,33
0.019815855332348527,8.859194869007448,44,34
0.00428767727676965,7.672287813637204,44,35
0.019815855332348527,8.859194869007448,44,36
0.0042859379028332405,7.672287813637201,44,37
0.0042859379028332405,7.672287813637204,44,38
0.08091137911969674,4.429597434503725,44,39
0.08091137911969674,4.429597434503724,44,40
0.0809113791196967,4.429597434503723,44,41
0.019815855332348673,8.859194869007448,44,42
0.0809113791196967,4.429597434503725,44,43
2.17508975069533,0.0,44,44
0.08091137911969672,4.429597434503724,44,45
0.0042876772767695024,7.672287813637205,44,46
0.0042876772767695024,7.672287813637204,44,47
0.08091137911969672,4.429597434503726,44,48
0.01077033669983699,7.752692556022608,44,49
0.01077033669983699,7.752692556022617,44,50
0.0504344473289443,9.967291945745975,44,51
0.0504344473289443,9.967291945745956,44,52
0.010770336699837124,7.752692556022633,44,53
0.0026414407173268226,10.907256399456935,44,54
0.010770336699837124,7.752692556022616,44,55
0.2884326401176423,6.3626180489203215,44,56
0.05565597435117169,4.567447318216671,44,57
0.010770336699837105,7.752692556022634,44,58
0.010770336699837105,7.752692556022608,44,59
0.05565597435117181,4.567447318216657,44,60
0.055655974351171464,4.567447318216656,44,61
0.28843264011764225,6.362618048920323,44,62
0.05043444732894406,9.967291945745956,44,63
0.28843264011764225,6.3626180489203,44,64
0.007128493962174965,11.929388094702253,44,65
0.007128493962174965,11.929388094702263,44,66
0.02806416109398923,10.15222307923247,44,67
0.02806416109398923,10.152223079232483,44,68
0.011517614429410237,9.134894636433344,44,69
0.007128493962174965,11.929388094702253,44,70
0.011517614429410237,9.134894636433314,44,71
0.005853031758480175,7.989052921778428,44,72
0.005853031758480202,7.989052921778428,44,73
0.028064161093989144,10.152223079232483,44,74
0.028064161093989144,10.152223079232442,44,75
0.005853031758480202,7.989052921778411,44,76
0.011517614429410256,9.134894636433314,44,77
0.02806416109398931,10.152223079232469,44,78
0.09793524226328544,12.725236097840602,44,79
0.02806416109398931,10.152223079232442,44,80
0.05974607789637038,6.981307568608172,45,1
0.024462246341899082,5.3960468804249695,45,2
0.05974607789637038,6.981307568608211,45,3
0.016748106696298226,10.373169991029329,45,4
0.059746077896370334,6.98130756860823,45,5
0.006981118510169808,9.379835938385579,45,6
0.006981118510169808,9.379835938385593,45,7
0.059746077896370334,6.981307568608211,45,8
0.829687726358042,3.081556182188202,45,9
0.02446224634189903,5.396046880425018,45,10
0.0069811185101699555,9.37983593838558,45,11
0.02446224634189903,5.396046880424968,45,12
0.8296877263580419,3.081556182188158,45,13
0.829687726358042,3.081556182188201,45,14
0.05974607789637033,6.981307568608229,45,15
0.05974607789637033,6.981307568608171,45,16
0.04668191108354748,7.337424650224688,45,17
0.04668191108354763,7.337424650224688,45,18
0.14384474457452048,9.647821897259965,45,19
0.14384474457452048,9.647821897259965,45,20
0.02100537870273741,10.616110436172507,45,21
0.008037086732528315,9.647821897259963,45,22
0.02100537870273741,10.616110436172507,45,23
0.14384474457452054,9.647821897259965,45,24
0.046681911083547724,7.337424650224689,45,25
0.008037086732528322,9.647821897259965,45,26
0.008037086732528322,9.647821897259965,45,27
0.046681911083547724,7.337424650224689,45,28
0.02264467847486725,5.849484341885438,45,29
0.04668191108354774,7.337424650224688,45,30
0.021005378702737505,10.616110436172507,45,31
0.04668191108354774,7.337424650224689,45,32
0.08091137911969672,4.429597434503724,45,33
0.08091137911969672,4.429597434503724,45,34
0.0042876772767695024,7.672287813637203,45,35
0.0042876772767695024,7.672287813637203,45,36
0.019815855332348527,8.85919486900745,45,37
0.00428593790283312,7.672287813637203,45,38
0.019815855332348527,8.859194869007448,45,39
0.00428767727676965,7.672287813637204,45,40
0.08091137911969674,4.429597434503725,45,41
0.0042859379028332405,7.672287813637204,45,42
0.0042859379028332405,7.672287813637204,45,43
0.08091137911969674,4.429597434503726,45,44
2.17508975069533,0.0,45,45
0.0809113791196967,4.429597434503725,45,46
0.019815855332348673,8.85919486900745,45,47
0.0809113791196967,4.429597434503726,45,48
0.28843264011764225,6.3626180489203,45,49
0.055655974351171464,4.567447318216656,45,50
0.28843264011764225,6.3626180489203215,45,51
0.05043444732894406,9.967291945745956,45,52
0.0504344473289443,9.967291945745954,45,53
0.01077033669983699,7.752692556022606,45,54
0.01077033669983699,7.752692556022614,45,55
0.0504344473289443,9.967291945745973,45,56
0.2884326401176423,6.362618048920322,45,57
0.010770336699837124,7.752692556022634,45,58
0.0026414407173268226,10.907256399456935,45,59
0.010770336699837124,7.752692556022617,45,60
0.05565597435117181,4.567447318216657,45,61
0.05565597435117169,4.567447318216671,45,62
0.010770336699837105,7.752692556022634,45,63
0.010770336699837105,7.752692556022608,45,64
0.02806416109398931,10.152223079232442,45,65
0.011517614429410256,9.134894636433316,45,66
0.02806416109398931,10.152223079232469,45,67
0.09793524226328544,12.725236097840602,45,68
0.02806416109398923,10.152223079232483,45,69
0.007128493962174965,11.92938809470225,45,70
0.007128493962174965,11.929388094702261,45,71
0.02806416109398923,10.152223079232469,45,72
0.005853031758480175,7.989052921778428,45,73
0.011517614429410237,9.134894636433344,45,74
0.007128493962174965,11.92938809470225,45,75
0.011517614429410237,9.134894636433314,45,76
0.005853031758480202,7.989052921778411,45,77
0.005853031758480202,7.989052921778427,45,78
0.028064161093989144,10.152223079232481,45,79
0.028064161093989144,10.152223079232442,45,80
0.016748106696298226,10.373169991029329,46,1
0.05974607789637038,6.981307568608173,46,2
0.024462246341899082,5.3960468804249695,46,3
0.05974607789637038,6.981307568608211,46,4
0.059746077896370334,6.981307568608211,46,5
0.059746077896370334,6.98130756860823,46,6
0.006981118510169808,9.379835938385579,46,7
0.006981118510169808,9.379835938385593,46,8
0.02446224634189903,5.396046880424969,46,9
0.829687726358042,3.081556182188202,46,10
0.02446224634189903,5.396046880425018,46,11
0.0069811185101699555,9.37983593838558,46,12
0.05974607789637033,6.981307568608171,46,13
0.8296877263580419,3.081556182188158,46,14
0.829687726358042,3.081556182188201,46,15
0.05974607789637033,6.981307568608229,46,16
0.14384474457452048,9.647821897259965,46,17
0.04668191108354748,7.337424650224688,46,18
0.04668191108354763,7.337424650224688,46,19
0.14384474457452048,9.647821897259965,46,20
0.14384474457452054,9.647821897259965,46,21
0.02100537870273741,10.616110436172507,46,22
0.008037086732528315,9.647821897259963,46,23
0.02100537870273741,10.616110436172507,46,24
0.046681911083547724,7.337424650224689,46,25
0.046681911083547724,7.337424650224689,46,26
0.008037086732528322,9.647821897259965,46,27
0.008037086732528322,9.647821897259965,46,28
0.04668191108354774,7.337424650224688,46,29
0.02264467847486725,5.849484341885438,46,30
0.04668191108354774,7.337424650224688,46,31
0.021005378702737505,10.616110436172507,46,32
0.0042876772767695024,7.672287813637203,46,33
0.08091137911969672,4.429597434503724,46,34
0.08091137911969672,4.429597434503724,46,35
0.0042876772767695024,7.672287813637203,46,36
0.00428767727676965,7.672287813637204,46,37
0.019815855332348527,8.859194869007448,46,38
0.00428593790283312,7.672287813637203,46,39
0.019815855332348527,8.859194869007448,46,40
0.08091137911969674,4.429597434503725,46,41
0.08091137911969674,4.429597434503725,46,42
0.0042859379028332405,7.672287813637204,46,43
0.0042859379028332405,7.672287813637205,46,44
0.0809113791196967,4.429597434503725,46,45
2.17508975069533,0.0,46,46
0.0809113791196967,4.429597434503725,46,47
0.019815855332348673,8.85919486900745,46,48
0.05043444732894406,9.967291945745954,46,49
0.28843264011764225,6.3626180489203,46,50
0.055655974351171464,4.567447318216656,46,51
0.28843264011764225,6.3626180489203215,46,52
0.0504344473289443,9.967291945745973,46,53
0.0504344473289443,9.967291945745954,46,54
0.01077033669983699,7.752692556022606,46,55
0.01077033669983699,7.752692556022614,46,56
0.010770336699837124,7.752692556022617,46,57
0.2884326401176423,6.362618048920322,46,58
0.010770336699837124,7.752692556022634,46,59
0.0026414407173268226,10.907256399456935,46,60
0.010770336699837105,7.752692556022608,46,61
0.05565597435117181,4.567447318216657,46,62
0.05565597435117169,4.567447318216671,46,63
0.010770336699837105,7.752692556022634,46,64
0.09793524226328544,12.725236097840602,46,65
0.02806416109398931,10.152223079232444,46,66
0.011517614429410256,9.134894636433316,46,67
0.02806416109398931,10.152223079232469,46,68
0.02806416109398923,10.15222307923247,46,69
0.02806416109398923,10.152223079232483,46,70
0.007128493962174965,11.92938809470225,46,71
0.007128493962174965,11.929388094702261,46,72
0.011517614429410237,9.134894636433314,46,73
0.005853031758480175,7.989052921778428,46,74
0.011517614429410237,9.134894636433344,46,75
0.007128493962174965,11.92938809470225,46,76
0.028064161093989144,10.152223079232442,46,77
0.005853031758480202,7.989052921778411,46,78
0.005853031758480202,7.989052921778427,46,79
0.028064161093989144,10.152223079232481,46,80
0.05974607789637038,6.981307568608212,47,1
0.016748106696298226,10.37316999102933,47,2
0.05974607789637038,6.981307568608173,47,3
0.024462246341899082,5.3960468804249695,47,4
0.006981118510169808,9.379835938385593,47,5
0.059746077896370334,6.981307568608211,47,6
0.059746077896370334,6.98130756860823,47,7
0.006981118510169808,9.379835938385579,47,8
0.0069811185101699555,9.37983593838558,47,9
0.02446224634189903,5.396046880424969,47,10
0.829687726358042,3.081556182188202,47,11
0.02446224634189903,5.396046880425019,47,12
0.05974607789637033,6.981307568608229,47,13
0.05974607789637033,6.981307568608171,47,14
0.8296877263580419,3.081556182188158,47,15
0.829687726358042,3.081556182188201,47,16
0.14384474457452048,9.647821897259963,47,17
0.14384474457452048,9.647821897259965,47,18
0.04668191108354748,7.337424650224688,47,19
0.04668191108354763,7.337424650224688,47,20
0.02100537870273741,10.616110436172505,47,21
0.14384474457452054,9.647821897259965,47,22
0.02100537870273741,10.616110436172507,47,23
0.008037086732528315,9.647821897259963,47,24
0.008037086732528322,9.647821897259965,47,25
0.046681911083547724,7.337424650224689,47,26
0.046681911083547724,7.337424650224689,47,27
0.008037086732528322,9.647821897259965,47,28
0.021005378702737505,10.616110436172505,47,29
0.04668191108354774,7.337424650224688,47,30
0.02264467847486725,5.849484341885438,47,31
0.04668191108354774,7.337424650224688,47,32
0.0042876772767695024,7.672287813637201,47,33
0.0042876772767695024,7.672287813637203,47,34
0.08091137911969672,4.429597434503724,47,35
0.08091137911969672,4.429597434503724,47,36
0.019815855332348527,8.859194869007448,47,37
0.00428767727676965,7.672287813637204,47,38
0.019815855332348527,8.859194869007448,47,39
0.00428593790283312,7.672287813637203,47,40
0.0042859379028332405,7.672287813637204,47,41
0.08091137911969674,4.429597434503725,47,42
0.08091137911969674,4.429597434503725,47,43
0.0042859379028332405,7.672287813637204,47,44
0.019815855332348673,8.859194869007446,47,45
0.0809113791196967,4.429597434503725,47,46
2.17508975069533,0.0,47,47
0.0809113791196967,4.429597434503724,47,48
0.28843264011764225,6.3626180489203215,47,49
0.05043444732894406,9.967291945745956,47,50
0.28843264011764225,6.3626180489203,47,51
0.055655974351171464,4.567447318216656,47,52
0.01077033669983699,7.752692556022614,47,53
0.0504344473289443,9.967291945745973,47,54
0.0504344473289443,9.967291945745954,47,55
0.01077033669983699,7.752692556022606,47,56
0.0026414407173268226,10.907256399456935,47,57
0.010770336699837124,7.752692556022617,47,58
0.2884326401176423,6.362618048920322,47,59
0.010770336699837124,7.752692556022634,47,60
0.010770336699837105,7.752692556022635,47,61
0.010770336699837105,7.752692556022608,47,62
0.05565597435117181,4.567447318216657,47,63
0.05565597435117169,4.567447318216671,47,64
0.02806416109398931,10.15222307923247,47,65
0.09793524226328544,12.725236097840602,47,66
0.02806416109398931,10.152223079232444,47,67
0.011517614429410256,9.134894636433316,47,68
0.007128493962174965,11.929388094702261,47,69
0.02806416109398923,10.15222307923247,47,70
0.02806416109398923,10.152223079232483,47,71
0.007128493962174965,11.92938809470225,47,72
0.007128493962174965,11.929388094702253,47,73
0.011517614429410237,9.134894636433314,47,74
0.005853031758480175,7.989052921778428,47,75
0.011517614429410237,9.134894636433344,47,76
0.028064161093989144,10.152223079232481,47,77
0.028064161093989144,10.152223079232442,47,78
0.005853031758480202,7.989052921778411,47,79
0.005853031758480202,7.989052921778427,47,80
0.024462246341899082,5.3960468804249695,48,1
0.05974607789637038,6.981307568608213,48,2
0.016748106696298226,10.373169991029329,48,3
0.05974607789637038,6.981307568608172,48,4
0.006981118510169808,9.379835938385579,48,5
0.006981118510169808,9.379835938385593,48,6
0.059746077896370334,6.981307568608211,48,7
0.059746077896370334,6.981307568608231,48,8
0.02446224634189903,5.39604688042502,48,9
0.0069811185101699555,9.37983593838558,48,10
0.02446224634189903,5.396046880424968,48,11
0.829687726358042,3.081556182188202,48,12
0.829687726358042,3.081556182188202,48,13
0.05974607789637033,6.981307568608232,48,14
0.05974607789637033,6.981307568608171,48,15
0.8296877263580419,3.0815561821881565,48,16
0.04668191108354763,7.337424650224688,48,17
0.14384474457452048,9.647821897259965,48,18
0.14384474457452048,9.647821897259963,48,19
0.04668191108354748,7.337424650224688,48,20
0.008037086732528315,9.647821897259963,48,21
0.02100537870273741,10.616110436172507,48,22
0.14384474457452054,9.647821897259965,48,23
0.02100537870273741,10.616110436172507,48,24
0.008037086732528322,9.647821897259965,48,25
0.008037086732528322,9.647821897259965,48,26
0.046681911083547724,7.337424650224688,48,27
0.046681911083547724,7.337424650224689,48,28
0.04668191108354774,7.337424650224687,48,29
0.021005378702737505,10.616110436172507,48,30
0.04668191108354774,7.337424650224688,48,31
0.02264467847486725,5.849484341885438,48,32
0.08091137911969672,4.429597434503723,48,33
0.0042876772767695024,7.672287813637204,48,34
0.0042876772767695024,7.672287813637202,48,35
0.08091137911969672,4.429597434503723,48,36
0.00428593790283312,7.672287813637203,48,37
0.019815855332348527,8.859194869007448,48,38
0.00428767727676965,7.672287813637204,48,39
0.019815855332348527,8.859194869007448,48,40
0.0042859379028332405,7.672287813637203,48,41
0.0042859379028332405,7.672287813637203,48,42
0.08091137911969674,4.429597434503725,48,43
0.08091137911969674,4.429597434503726,48,44
0.0809113791196967,4.429597434503723,48,45
0.019815855332348673,8.85919486900745,48,46
0.0809113791196967,4.429597434503724,48,47
2.17508975069533,0.0,48,48
0.055655974351171464,4.567447318216656,48,49
0.28843264011764225,6.362618048920323,48,50
0.05043444732894406,9.967291945745954,48,51
0.28843264011764225,6.3626180489203,48,52
0.01077033669983699,7.752692556022606,48,53
0.01077033669983699,7.752692556022615,48,54
0.0504344473289443,9.967291945745973,48,55
0.0504344473289443,9.967291945745952,48,56
0.010770336699837124,7.752692556022635,48,57
0.0026414407173268226,10.907256399456935,48,58
0.010770336699837124,7.752692556022616,48,59
0.2884326401176423,6.362618048920322,48,60
0.05565597435117169,4.567447318216672,48,61
0.010770336699837105,7.7526925560226365,48,62
0.010770336699837105,7.752692556022607,48,63
0.05565597435117181,4.567447318216656,48,64
0.011517614429410256,9.134894636433316,48,65
0.02806416109398931,10.15222307923247,48,66
0.09793524226328544,12.725236097840602,48,67
0.02806416109398931,10.152223079232442,48,68
0.007128493962174965,11.92938809470225,48,69
0.007128493962174965,11.929388094702261,48,70
0.02806416109398923,10.152223079232469,48,71
0.02806416109398923,10.152223079232483,48,72
0.011517614429410237,9.134894636433344,48,73
0.007128493962174965,11.92938809470225,48,74
0.011517614429410237,9.134894636433314,48,75
0.005853031758480175,7.989052921778428,48,76
0.005853031758480202,7.989052921778428,48,77
0.028064161093989144,10.152223079232483,48,78
0.028064161093989144,10.152223079232442,48,79
0.005853031758480202,7.98905292177841,48,80
0.15536672152304007,3.287144580965208,49,1
0.03421901407143532,5.516035979571838,49,2
0.019269949852317933,9.449373165624088,49,3
0.034219014071435266,5.516035979571814,49,4
0.11657824730438678,7.07446014616612,49,5
0.11657824730438678,7.07446014616613,49,6
0.019269949852317832,9.44937316562411,49,7
0.019269949852317832,9.449373165624086,49,8
0.11657824730438676,7.074460146166149,49,9
0.035295182352317545,10.43609058292322,49,10
0.11657824730438676,7.07446014616613,49,11
0.03421901407143539,5.516035979571839,49,12
0.1553667215230404,3.287144580965229,49,13
0.11657824730438669,7.074460146166149,49,14
0.11657824730438669,7.07446014616612,49,15
0.1553667215230404,3.287144580965208,49,16
0.15536672152304046,3.28714458096521,49,17
0.11657824730438669,7.074460146166121,49,18
0.11657824730438669,7.074460146166149,49,19
0.1553667215230404,3.28714458096523,49,20
0.03421901407143539,5.51603597957184,49,21
0.11657824730438676,7.074460146166131,49,22
0.035295182352317545,10.43609058292322,49,23
0.11657824730438676,7.07446014616615,49,24
0.019269949852317832,9.449373165624088,49,25
0.019269949852317832,9.44937316562411,49,26
0.11657824730438678,7.07446014616613,49,27
0.11657824730438678,7.074460146166121,49,28
0.034219014071435266,5.516035979571814,49,29
0.019269949852317933,9.449373165624086,49,30
0.03421901407143532,5.516035979571838,49,31
0.15536672152304007,3.2871445809652093,49,32
0.05565170841325069,4.567447318216657,49,33
0.010772254887823204,7.752692556022608,49,34
0.010772254887823204,7.752692556022634,49,35
0.05565170841325069,4.567447318216671,49,36
0.2884406583219515,6.362618048920322,49,37
0.010772254887823332,7.752692556022617,49,38
0.0026460608707040566,10.907256399456935,49,39
0.010772254887823332,7.752692556022635,49,40
0.050439386329984306,9.967291945745956,49,41
0.050439386329984306,9.967291945745975,49,42
0.010772254887823166,7.752692556022616,49,43
0.010772254887823166,7.752692556022608,49,44
0.28844065832195165,6.3626180489203,49,45
0.05043938632998414,9.967291945745954,49,46
0.28844065832195165,6.3626180489203215,49,47
0.055651708413250636,4.567447318216656,49,48
1.9513982968717978,0.0,49,49
0.0642588648296294,4.429597434503725,49,50
0.07344759296201438,8.85919486900745,49,51
0.0642588648296294,4.429597434503725,49,52
0.06425886482962918,4.429597434503725,49,53
0.06425886482962918,4.429597434503725,49,54
0.025625115345724467,7.672287813637204,49,55
0.025625115345724467,7.672287813637204,49,56
0.07344759296201415,8.85919486900745,49,57
0.025625115345724484,7.672287813637204,49,58
0.07344759296201415,8.85919486900745,49,59
0.025625115345724484,7.672287813637204,49,60
0.06425886482962918,4.429597434503725,49,61
0.025625115345724467,7.672287813637204,49,62
0.025625115345724467,7.672287813637204,49,63
0.06425886482962918,4.429597434503725,49,64
0.055651708413250636,4.567447318216658,49,65
0.28844065832195165,6.362618048920323,49,66
0.05043938632998414,9.967291945745956,49,67
0.28844065832195165,6.362618048920302,49,68
0.010772254887823166,7.752692556022609,49,69
0.010772254887823166,7.752692556022617,49,70
0.050439386329984306,9.967291945745977,49,71
0.050439386329984306,9.967291945745956,49,72
0.010772254887823332,7.752692556022635,49,73
0.0026460608707040566,10.907256399456937,49,74
0.010772254887823332,7.752692556022618,49,75
0.2884406583219515,6.362618048920323,49,76
0.05565170841325069,4.567447318216673,49,77
0.010772254887823204,7.752692556022635,49,78
0.010772254887823204,7.752692556022609,49,79
0.05565170841325069,4.567447318216658,49,80
0.034219014071435266,5.516035979571814,50,1
0.15536672152304007,3.287144580965208,50,2
0.03421901407143532,5.5160359795718374,50,3
0.019269949852317933,9.449373165624088,50,4
0.019269949852317832,9.449373165624088,50,5
0.11657824730438678,7.07446014616612,50,6
0.11657824730438678,7.07446014616613,50,7
0.019269949852317832,9.44937316562411,50,8
0.03421901407143539,5.516035979571839,50,9
0.11657824730438676,7.07446014616615,50,10
0.035295182352317545,10.436090582923221,50,11
0.11657824730438676,7.074460146166129,50,12
0.1553667215230404,3.2871445809652085,50,13
0.1553667215230404,3.287144580965229,50,14
0.11657824730438669,7.074460146166149,50,15
0.11657824730438669,7.07446014616612,50,16
0.1553667215230404,3.2871445809652298,50,17
0.15536672152304046,3.28714458096521,50,18
0.11657824730438669,7.074460146166121,50,19
0.11657824730438669,7.074460146166149,50,20
0.11657824730438676,7.07446014616615,50,21
0.03421901407143539,5.51603597957184,50,22
0.11657824730438676,7.07446014616613,50,23
0.035295182352317545,10.43609058292322,50,24
0.11657824730438678,7.074460146166121,50,25
0.019269949852317832,9.449373165624088,50,26
0.019269949852317832,9.44937316562411,50,27
0.11657824730438678,7.07446014616613,50,28
0.15536672152304007,3.2871445809652093,50,29
0.034219014071435266,5.516035979571814,50,30
0.019269949852317933,9.449373165624086,50,31
0.03421901407143532,5.516035979571839,50,32
0.05565170841325069,4.567447318216671,50,33
0.05565170841325069,4.567447318216657,50,34
0.010772254887823204,7.752692556022608,50,35
0.010772254887823204,7.752692556022634,50,36
0.010772254887823332,7.752692556022634,50,37
0.2884406583219515,6.362618048920322,50,38
0.010772254887823332,7.752692556022616,50,39
0.0026460608707040566,10.907256399456935,50,40
0.010772254887823166,7.752692556022608,50,41
0.050439386329984306,9.967291945745956,50,42
0.050439386329984306,9.967291945745975,50,43
0.010772254887823166,7.752692556022616,50,44
0.055651708413250636,4.567447318216656,50,45
0.28844065832195165,6.3626180489203,50,46
0.05043938632998414,9.967291945745954,50,47
0.28844065832195165,6.362618048920322,50,48
0.0642588648296294,4.429597434503725,50,49
1.9513982968717978,0.0,50,50
0.0642588648296294,4.429597434503725,50,51
0.07344759296201438,8.85919486900745,50,52
0.025625115345724467,7.672287813637204,50,53
0.06425886482962918,4.429597434503725,50,54
0.06425886482962918,4.429597434503725,50,55
0.025625115345724467,7.672287813637204,50,56
0.025625115345724484,7.672287813637204,50,57
0.07344759296201415,8.85919486900745,50,58
0.025625115345724484,7.672287813637204,50,59
0.07344759296201415,8.85919486900745,50,60
0.06425886482962918,4.429597434503725,50,61
0.06425886482962918,4.429597434503725,50,62
0.025625115345724467,7.672287813637204,50,63
0.025625115345724467,7.672287813637204,50,64
0.28844065832195165,6.362618048920302,50,65
0.055651708413250636,4.567447318216658,50,66
0.28844065832195165,6.362618048920322,50,67
0.05043938632998414,9.967291945745956,50,68
0.050439386329984306,9.967291945745956,50,69
0.010772254887823166,7.752692556022609,50,70
0.010772254887823166,7.752692556022617,50,71
0.050439386329984306,9.967291945745975,50,72
0.2884406583219515,6.362618048920323,50,73
0.010772254887823332,7.752692556022636,50,74
0.0026460608707040566,10.907256399456937,50,75
0.010772254887823332,7.752692556022617,50,76
0.05565170841325069,4.567447318216658,50,77
0.05565170841325069,4.567447318216673,50,78
0.010772254887823204,7.752692556022635,50,79
0.010772254887823204,7.752692556022609,50,80
0.019269949852317933,9.449373165624088,51,1
0.034219014071435266,5.516035979571814,51,2
0.15536672152304007,3.287144580965208,51,3
0.03421901407143532,5.5160359795718374,51,4
0.019269949852317832,9.44937316562411,51,5
0.019269949852317832,9.449373165624088,51,6
0.11657824730438678,7.07446014616612,51,7
0.11657824730438678,7.07446014616613,51,8
0.11657824730438676,7.07446014616613,51,9
0.03421901407143539,5.516035979571839,51,10
0.11657824730438676,7.07446014616615,51,11
0.035295182352317545,10.43609058292322,51,12
0.11657824730438669,7.07446014616612,51,13
0.1553667215230404,3.2871445809652085,51,14
0.1553667215230404,3.287144580965229,51,15
0.11657824730438669,7.074460146166149,51,16
0.11657824730438669,7.074460146166149,51,17
0.1553667215230404,3.2871445809652298,51,18
0.15536672152304046,3.28714458096521,51,19
0.11657824730438669,7.074460146166121,51,20
0.035295182352317545,10.436090582923217,51,21
0.11657824730438676,7.07446014616615,51,22
0.03421901407143539,5.51603597957184,51,23
0.11657824730438676,7.07446014616613,51,24
0.11657824730438678,7.07446014616613,51,25
0.11657824730438678,7.074460146166121,51,26
0.019269949852317832,9.449373165624088,51,27
0.019269949852317832,9.44937316562411,51,28
0.03421901407143532,5.516035979571838,51,29
0.15536672152304007,3.2871445809652093,51,30
0.034219014071435266,5.516035979571814,51,31
0.019269949852317933,9.449373165624088,51,32
0.010772254887823204,7.752692556022634,51,33
0.05565170841325069,4.567447318216671,51,34
0.05565170841325069,4.567447318216657,51,35
0.010772254887823204,7.752692556022608,51,36
0.0026460608707040566,10.907256399456935,51,37
0.010772254887823332,7.752692556022634,51,38
0.2884406583219515,6.362618048920322,51,39
0.010772254887823332,7.752692556022616,51,40
0.010772254887823166,7.752692556022616,51,41
0.010772254887823166,7.752692556022608,51,42
0.050439386329984306,9.967291945745956,51,43
0.050439386329984306,9.967291945745975,51,44
0.28844065832195165,6.3626180489203215,51,45
0.055651708413250636,4.567447318216656,51,46
0.28844065832195165,6.3626180489203,51,47
0.05043938632998414,9.967291945745956,51,48
0.07344759296201438,8.85919486900745,51,49
0.0642588648296294,4.429597434503725,51,50
1.9513982968717978,0.0,51,51
0.0642588648296294,4.429597434503725,51,52
0.025625115345724467,7.672287813637203,51,53
0.025625115345724467,7.672287813637204,51,54
0.06425886482962918,4.429597434503725,51,55
0.06425886482962918,4.429597434503725,51,56
0.07344759296201415,8.85919486900745,51,57
0.025625115345724484,7.672287813637204,51,58
0.07344759296201415,8.85919486900745,51,59
0.025625115345724484,7.672287813637204,51,60
0.025625115345724467,7.672287813637204,51,61
0.06425886482962918,4.429597434503725,51,62
0.06425886482962918,4.429597434503725,51,63
0.025625115345724467,7.672287813637203,51,64
0.05043938632998414,9.967291945745956,51,65
0.28844065832195165,6.362618048920302,51,66
0.055651708413250636,4.567447318216658,51,67
0.28844065832195165,6.362618048920322,51,68
0.050439386329984306,9.967291945745977,51,69
0.050439386329984306,9.967291945745956,51,70
0.010772254887823166,7.752692556022609,51,71
0.010772254887823166,7.752692556022617,51,72
0.010772254887823332,7.752692556022618,51,73
0.2884406583219515,6.362618048920323,51,74
0.010772254887823332,7.752692556022636,51,75
0.0026460608707040566,10.907256399456937,51,76
0.010772254887823204,7.752692556022609,51,77
0.05565170841325069,4.567447318216658,51,78
0.05565170841325069,4.567447318216673,51,79
0.010772254887823204,7.752692556022635,51,80
0.03421901407143532,5.5160359795718374,52,1
0.019269949852317933,9.449373165624088,52,2
0.034219014071435266,5.516035979571814,52,3
0.15536672152304007,3.287144580965208,52,4
0.11657824730438678,7.07446014616613,52,5
0.019269949852317832,9.44937316562411,52,6
0.019269949852317832,9.449373165624088,52,7
0.11657824730438678,7.07446014616612,52,8
0.035295182352317545,10.436090582923221,52,9
0.11657824730438676,7.074460146166129,52,10
0.03421901407143539,5.516035979571839,52,11
0.11657824730438676,7.074460146166149,52,12
0.11657824730438669,7.074460146166149,52,13
0.11657824730438669,7.07446014616612,52,14
0.1553667215230404,3.2871445809652085,52,15
0.1553667215230404,3.287144580965229,52,16
0.11657824730438669,7.0744601461661185,52,17
0.11657824730438669,7.074460146166149,52,18
0.1553667215230404,3.2871445809652298,52,19
0.15536672152304046,3.28714458096521,52,20
0.11657824730438676,7.074460146166129,52,21
0.035295182352317545,10.43609058292322,52,22
0.11657824730438676,7.07446014616615,52,23
0.03421901407143539,5.51603597957184,52,24
0.019269949852317832,9.44937316562411,52,25
0.11657824730438678,7.07446014616613,52,26
0.11657824730438678,7.074460146166121,52,27
0.019269949852317832,9.449373165624086,52,28
0.019269949852317933,9.449373165624086,52,29
0.03421901407143532,5.516035979571839,52,30
0.15536672152304007,3.2871445809652093,52,31
0.034219014071435266,5.516035979571815,52,32
0.010772254887823204,7.752692556022606,52,33
0.010772254887823204,7.752692556022634,52,34
0.05565170841325069,4.567447318216671,52,35
0.05565170841325069,4.567447318216657,52,36
0.010772254887823332,7.752692556022615,52,37
0.0026460608707040566,10.907256399456935,52,38
0.010772254887823332,7.752692556022635,52,39
0.2884406583219515,6.362618048920322,52,40
0.050439386329984306,9.967291945745975,52,41
0.010772254887823166,7.752692556022616,52,42
0.010772254887823166,7.752692556022608,52,43
0.050439386329984306,9.967291945745954,52,44
0.05043938632998414,9.967291945745954,52,45
0.28844065832195165,6.362618048920322,52,46
0.055651708413250636,4.567447318216656,52,47
0.28844065832195165,6.362618048920301,52,48
0.0642588648296294,4.429597434503725,52,49
0.07344759296201438,8.85919486900745,52,50
0.0642588648296294,4.429597434503725,52,51
1.9513982968717978,0.0,52,52
0.06425886482962918,4.429597434503724,52,53
0.025625115345724467,7.672287813637204,52,54
0.025625115345724467,7.672287813637204,52,55
0.06425886482962918,4.429597434503724,52,56
0.025625115345724484,7.672287813637204,52,57
0.07344759296201415,8.85919486900745,52,58
0.025625115345724484,7.672287813637204,52,59
0.07344759296201415,8.85919486900745,52,60
0.025625115345724467,7.672287813637204,52,61
0.025625115345724467,7.672287813637204,52,62
0.06425886482962918,4.429597434503724,52,63
0.06425886482962918,4.429597434503724,52,64
0.28844065832195165,6.362618048920322,52,65
0.05043938632998414,9.967291945745956,52,66
0.28844065832195165,6.362618048920302,52,67
0.055651708413250636,4.567447318216658,52,68
0.010772254887823166,7.752692556022617,52,69
0.050439386329984306,9.967291945745977,52,70
0.050439386329984306,9.967291945745956,52,71
0.010772254887823166,7.752692556022609,52,72
0.0026460608707040566,10.907256399456937,52,73
0.010772254887823332,7.752692556022617,52,74
0.2884406583219515,6.362618048920323,52,75
0.010772254887823332,7.752692556022635,52,76
0.010772254887823204,7.752692556022635,52,77
0.010772254887823204,7.752692556022609,52,78
0.05565170841325069,4.567447318216658,52,79
0.05565170841325069,4.567447318216673,52,80
0.1553667215230404,3.287144580965229,53,1
0.11657824730438669,7.074460146166149,53,2
0.11657824730438669,7.074460146166121,53,3
0.1553667215230404,3.287144580965208,53,4
0.15536672152304007,3.287144580965208,53,5
0.03421901407143532,5.516035979571838,53,6
0.019269949852317933,9.449373165624088,53,7
0.034219014071435266,5.5160359795718135,53,8
0.11657824730438678,7.07446014616612,53,9
0.11657824730438678,7.07446014616613,53,10
0.019269949852317832,9.44937316562411,53,11
0.019269949852317832,9.449373165624086,53,12
0.11657824730438676,7.074460146166149,53,13
0.035295182352317545,10.43609058292322,53,14
0.11657824730438676,7.07446014616613,53,15
0.03421901407143539,5.516035979571839,53,16
0.034219014071435266,5.516035979571814,53,17
0.019269949852317933,9.449373165624088,53,18
0.03421901407143532,5.516035979571839,53,19
0.15536672152304007,3.28714458096521,53,20
0.15536672152304046,3.28714458096521,53,21
0.11657824730438669,7.074460146166121,53,22
0.11657824730438669,7.07446014616615,53,23
0.1553667215230404,3.2871445809652307,53,24
0.03421901407143539,5.516035979571838,53,25
0.11657824730438676,7.07446014616613,53,26
0.035295182352317545,10.436090582923221,53,27
0.11657824730438676,7.074460146166149,53,28
0.019269949852317832,9.449373165624088,53,29
0.019269949852317832,9.44937316562411,53,30
0.11657824730438678,7.07446014616613,53,31
0.11657824730438678,7.074460146166121,53,32
0.28844065832195165,6.362618048920301,53,33
0.05043938632998414,9.967291945745956,53,34
0.28844065832195165,6.3626180489203215,53,35
0.055651708413250636,4.567447318216657,53,36
0.05565170841325069,4.567447318216657,53,37
0.010772254887823204,7.752692556022608,53,38
0.010772254887823204,7.752692556022635,53,39
0.05565170841325069,4.567447318216672,53,40
0.2884406583219515,6.3626180489203215,53,41
0.010772254887823332,7.752692556022616,53,42
0.0026460608707040566,10.907256399456937,53,43
0.010772254887823332,7.752692556022634,53,44
0.050439386329984306,9.967291945745956,53,45
0.050439386329984306,9.967291945745975,53,46
0.010772254887823166,7.752692556022616,53,47
0.010772254887823166,7.752692556022608,53,48
0.06425886482962918,4.429597434503725,53,49
0.025625115345724467,7.672287813637204,53,50
0.025625115345724467,7.672287813637204,53,51
0.06425886482962918,4.429597434503725,53,52
1.9513982968717978,0.0,53,53
0.0642588648296294,4.429597434503725,53,54
0.07344759296201438,8.85919486900745,53,55
0.0642588648296294,4.429597434503725,53,56
0.06425886482962918,4.429597434503725,53,57
0.06425886482962918,4.429597434503725,53,58
0.025625115345724467,7.672287813637204,53,59
0.025625115345724467,7.672287813637204,53,60
0.07344759296201415,8.859194869007448,53,61
0.025625115345724484,7.672287813637203,53,62
0.07344759296201415,8.859194869007448,53,63
0.025625115345724484,7.672287813637204,53,64
0.05565170841325069,4.567447318216673,53,65
0.010772254887823204,7.752692556022635,53,66
0.010772254887823204,7.752692556022609,53,67
0.05565170841325069,4.567447318216658,53,68
0.055651708413250636,4.567447318216658,53,69
0.28844065832195165,6.362618048920323,53,70
0.05043938632998414,9.967291945745956,53,71
0.28844065832195165,6.362618048920301,53,72
0.010772254887823166,7.752692556022609,53,73
0.010772254887823166,7.752692556022617,53,74
0.050439386329984306,9.967291945745977,53,75
0.050439386329984306,9.967291945745956,53,76
0.010772254887823332,7.752692556022635,53,77
0.0026460608707040566,10.907256399456937,53,78
0.010772254887823332,7.752692556022618,53,79
0.2884406583219515,6.362618048920323,53,80
0.1553667215230404,3.287144580965208,54,1
0.1553667215230404,3.287144580965229,54,2
0.11657824730438669,7.074460146166148,54,3
0.11657824730438669,7.07446014616612,54,4
0.034219014071435266,5.516035979571814,54,5
0.15536672152304007,3.287144580965208,54,6
0.03421901407143532,5.516035979571838,54,7
0.019269949852317933,9.449373165624086,54,8
0.019269949852317832,9.449373165624088,54,9
0.11657824730438678,7.07446014616612,54,10
0.11657824730438678,7.07446014616613,54,11
0.019269949852317832,9.44937316562411,54,12
0.03421901407143539,5.516035979571839,54,13
0.11657824730438676,7.074460146166149,54,14
0.035295182352317545,10.43609058292322,54,15
0.11657824730438676,7.074460146166129,54,16
0.15536672152304007,3.28714458096521,54,17
0.034219014071435266,5.516035979571814,54,18
0.019269949852317933,9.449373165624088,54,19
0.03421901407143532,5.51603597957184,54,20
0.1553667215230404,3.28714458096523,54,21
0.15536672152304046,3.28714458096521,54,22
0.11657824730438669,7.074460146166119,54,23
0.11657824730438669,7.07446014616615,54,24
0.11657824730438676,7.074460146166149,54,25
0.03421901407143539,5.516035979571838,54,26
0.11657824730438676,7.07446014616613,54,27
0.035295182352317545,10.436090582923221,54,28
0.11657824730438678,7.074460146166121,54,29
0.019269949852317832,9.449373165624086,54,30
0.019269949852317832,9.44937316562411,54,31
0.11657824730438678,7.07446014616613,54,32
0.055651708413250636,4.567447318216657,54,33
0.28844065832195165,6.362618048920301,54,34
0.05043938632998414,9.967291945745956,54,35
0.28844065832195165,6.362618048920322,54,36
0.05565170841325069,4.567447318216671,54,37
0.05565170841325069,4.567447318216657,54,38
0.010772254887823204,7.752692556022607,54,39
0.010772254887823204,7.752692556022635,54,40
0.010772254887823332,7.752692556022634,54,41
0.2884406583219515,6.3626180489203215,54,42
0.010772254887823332,7.752692556022616,54,43
0.0026460608707040566,10.907256399456937,54,44
0.010772254887823166,7.752692556022608,54,45
0.050439386329984306,9.967291945745954,54,46
0.050439386329984306,9.967291945745975,54,47
0.010772254887823166,7.752692556022616,54,48
0.06425886482962918,4.429597434503725,54,49
0.06425886482962918,4.429597434503725,54,50
0.025625115345724467,7.672287813637204,54,51
0.025625115345724467,7.672287813637204,54,52
0.0642588648296294,4.429597434503725,54,53
1.9513982968717978,0.0,54,54
0.0642588648296294,4.429597434503725,54,55
0.07344759296201438,8.85919486900745,54,56
0.025625115345724467,7.672287813637204,54,57
0.06425886482962918,4.429597434503725,54,58
0.06425886482962918,4.429597434503725,54,59
0.025625115345724467,7.672287813637204,54,60
0.025625115345724484,7.672287813637204,54,61
0.07344759296201415,8.859194869007448,54,62
0.025625115345724484,7.672287813637203,54,63
0.07344759296201415,8.859194869007448,54,64
0.05565170841325069,4.567447318216658,54,65
0.05565170841325069,4.567447318216673,54,66
0.010772254887823204,7.752692556022634,54,67
0.010772254887823204,7.752692556022609,54,68
0.28844065832195165,6.362618048920302,54,69
0.055651708413250636,4.567447318216658,54,70
0.28844065832195165,6.362618048920323,54,71
0.05043938632998414,9.967291945745956,54,72
0.050439386329984306,9.967291945745956,54,73
0.010772254887823166,7.752692556022609,54,74
0.010772254887823166,7.752692556022617,54,75
0.050439386329984306,9.967291945745975,54,76
0.2884406583219515,6.362618048920323,54,77
0.010772254887823332,7.752692556022635,54,78
0.0026460608707040566,10.907256399456937,54,79
0.010772254887823332,7.752692556022617,54,80
0.11657824730438669,7.07446014616612,55,1
0.1553667215230404,3.287144580965208,55,2
0.1553667215230404,3.287144580965228,55,3
0.11657824730438669,7.074460146166148,55,4
0.019269949852317933,9.449373165624088,55,5
0.034219014071435266,5.516035979571814,55,6
0.15536672152304007,3.287144580965208,55,7
0.03421901407143532,5.516035979571838,55,8
0.019269949852317832,9.44937316562411,55,9
0.019269949852317832,9.449373165624088,55,10
0.11657824730438678,7.07446014616612,55,11
0.11657824730438678,7.07446014616613,55,12
0.11657824730438676,7.07446014616613,55,13
0.03421901407143539,5.516035979571839,55,14
0.11657824730438676,7.074460146166149,55,15
0.035295182352317545,10.43609058292322,55,16
0.03421901407143532,5.516035979571839,55,17
0.15536672152304007,3.28714458096521,55,18
0.034219014071435266,5.516035979571814,55,19
0.019269949852317933,9.449373165624088,55,20
0.11657824730438669,7.074460146166149,55,21
0.1553667215230404,3.28714458096523,55,22
0.15536672152304046,3.2871445809652093,55,23
0.11657824730438669,7.074460146166119,55,24
0.035295182352317545,10.436090582923217,55,25
0.11657824730438676,7.074460146166149,55,26
0.03421901407143539,5.516035979571838,55,27
0.11657824730438676,7.07446014616613,55,28
0.11657824730438678,7.07446014616613,55,29
0.11657824730438678,7.074460146166121,55,30
0.019269949852317832,9.449373165624086,55,31
0.019269949852317832,9.44937316562411,55,32
0.28844065832195165,6.3626180489203215,55,33
0.055651708413250636,4.567447318216657,55,34
0.28844065832195165,6.362618048920301,55,35
0.05043938632998414,9.967291945745956,55,36
0.010772254887823204,7.752692556022634,55,37
0.05565170841325069,4.567447318216671,55,38
0.05565170841325069,4.567447318216656,55,39
0.010772254887823204,7.752692556022607,55,40
0.0026460608707040566,10.907256399456935,55,41
0.010772254887823332,7.752692556022634,55,42
0.2884406583219515,6.3626180489203215,55,43
0.010772254887823332,7.752692556022616,55,44
0.010772254887823166,7.752692556022616,55,45
0.010772254887823166,7.752692556022608,55,46
0.050439386329984306,9.967291945745954,55,47
0.050439386329984306,9.967291945745975,55,48
0.025625115345724467,7.672287813637204,55,49
0.06425886482962918,4.429597434503725,55,50
0.06425886482962918,4.429597434503725,55,51
0.025625115345724467,7.672287813637204,55,52
0.07344759296201438,8.85919486900745,55,53
0.0642588648296294,4.429597434503725,55,54
1.9513982968717978,0.0,55,55
0.0642588648296294,4.429597434503726,55,56
0.025625115345724467,7.672287813637204,55,57
0.025625115345724467,7.672287813637204,55,58
0.06425886482962918,4.429597434503725,55,59
0.06425886482962918,4.429597434503725,55,60
0.07344759296201415,8.85919486900745,55,61
0.025625115345724484,7.672287813637204,55,62
0.07344759296201415,8.859194869007448,55,63
0.025625115345724484,7.672287813637203,55,64
0.010772254887823204,7.752692556022609,55,65
0.05565170841325069,4.567447318216658,55,66
0.05565170841325069,4.567447318216672,55,67
0.010772254887823204,7.752692556022634,55,68
0.05043938632998414,9.967291945745956,55,69
0.28844065832195165,6.362618048920302,55,70
0.055651708413250636,4.567447318216658,55,71
0.28844065832195165,6.362618048920323,55,72
0.050439386329984306,9.967291945745977,55,73
0.050439386329984306,9.967291945745956,55,74
0.010772254887823166,7.752692556022609,55,75
0.010772254887823166,7.752692556022617,55,76
0.010772254887823332,7.752692556022618,55,77
0.2884406583219515,6.362618048920323,55,78
0.010772254887823332,7.752692556022635,55,79
0.0026460608707040566,10.907256399456937,55,80
0.11657824730438669,7.074460146166147,56,1
0.11657824730438669,7.074460146166121,56,2
0.1553667215230404,3.28714458096521,56,3
0.1553667215230404,3.2871445809652275,56,4
0.03421901407143532,5.5160359795718374,56,5
0.019269949852317933,9.449373165624088,56,6
0.034219014071435266,5.516035979571814,56,7
0.15536672152304007,3.287144580965208,56,8
0.11657824730438678,7.07446014616613,56,9
0.019269949852317832,9.44937316562411,56,10
0.019269949852317832,9.449373165624088,56,11
0.11657824730438678,7.07446014616612,56,12
0.035295182352317545,10.43609058292322,56,13
0.11657824730438676,7.07446014616613,56,14
0.03421901407143539,5.516035979571839,56,15
0.11657824730438676,7.074460146166149,56,16
0.019269949852317933,9.449373165624085,56,17
0.03421901407143532,5.51603597957184,56,18
0.15536672152304007,3.28714458096521,56,19
0.034219014071435266,5.516035979571814,56,20
0.11657824730438669,7.074460146166118,56,21
0.11657824730438669,7.07446014616615,56,22
0.1553667215230404,3.2871445809652315,56,23
0.15536672152304046,3.2871445809652085,56,24
0.11657824730438676,7.074460146166128,56,25
0.035295182352317545,10.436090582923217,56,26
0.11657824730438676,7.074460146166149,56,27
0.03421901407143539,5.516035979571838,56,28
0.019269949852317832,9.449373165624108,56,29
0.11657824730438678,7.074460146166131,56,30
0.11657824730438678,7.07446014616612,56,31
0.019269949852317832,9.449373165624088,56,32
0.05043938632998414,9.967291945745952,56,33
0.28844065832195165,6.362618048920322,56,34
0.055651708413250636,4.567447318216657,56,35
0.28844065832195165,6.3626180489203,56,36
0.010772254887823204,7.7526925560226045,56,37
0.010772254887823204,7.752692556022635,56,38
0.05565170841325069,4.567447318216672,56,39
0.05565170841325069,4.567447318216656,56,40
0.010772254887823332,7.752692556022614,56,41
0.0026460608707040566,10.907256399456935,56,42
0.010772254887823332,7.752692556022634,56,43
0.2884406583219515,6.3626180489203215,56,44
0.050439386329984306,9.967291945745973,56,45
0.010772254887823166,7.752692556022617,56,46
0.010772254887823166,7.752692556022607,56,47
0.050439386329984306,9.967291945745956,56,48
0.025625115345724467,7.672287813637203,56,49
0.025625115345724467,7.672287813637204,56,50
0.06425886482962918,4.429597434503725,56,51
0.06425886482962918,4.429597434503724,56,52
0.0642588648296294,4.429597434503723,56,53
0.07344759296201438,8.85919486900745,56,54
0.0642588648296294,4.429597434503726,56,55
1.9513982968717978,0.0,56,56
0.06425886482962918,4.429597434503724,56,57
0.025625115345724467,7.672287813637203,56,58
0.025625115345724467,7.672287813637204,56,59
0.06425886482962918,4.429597434503725,56,60
0.025625115345724484,7.672287813637203,56,61
0.07344759296201415,8.85919486900745,56,62
0.025625115345724484,7.672287813637204,56,63
0.07344759296201415,8.859194869007448,56,64
0.010772254887823204,7.752692556022633,56,65
0.010772254887823204,7.752692556022609,56,66
0.05565170841325069,4.567447318216659,56,67
0.05565170841325069,4.567447318216672,56,68
0.28844065832195165,6.362618048920322,56,69
0.05043938632998414,9.967291945745956,56,70
0.28844065832195165,6.362618048920302,56,71
0.055651708413250636,4.567447318216658,56,72
0.010772254887823166,7.752692556022617,56,73
0.050439386329984306,9.967291945745977,56,74
0.050439386329984306,9.967291945745956,56,75
0.010772254887823166,7.752692556022609,56,76
0.0026460608707040566,10.907256399456937,56,77
0.010772254887823332,7.752692556022618,56,78
0.2884406583219515,6.362618048920323,56,79
0.010772254887823332,7.752692556022635,56,80
0.11657824730438676,7.074460146166149,57,1
0.035295182352317545,10.436090582923221,57,2
0.11657824730438676,7.07446014616613,57,3
0.03421901407143539,5.5160359795718374,57,4
0.1553667215230404,3.287144580965229,57,5
0.11657824730438669,7.074460146166149,57,6
0.11657824730438669,7.07446014616612,57,7
0.1553667215230404,3.2871445809652076,57,8
0.15536672152304007,3.287144580965209,57,9
0.03421901407143532,5.516035979571838,57,10
0.019269949852317933,9.449373165624086,57,11
0.034219014071435266,5.5160359795718135,57,12
0.11657824730438678,7.074460146166119,57,13
0.11657824730438678,7.074460146166129,57,14
0.019269949852317832,9.449373165624108,57,15
0.019269949852317832,9.449373165624086,57,16
0.019269949852317832,9.449373165624088,57,17
0.019269949852317832,9.449373165624108,57,18
0.11657824730438678,7.07446014616613,57,19
0.11657824730438678,7.074460146166121,57,20
0.034219014071435266,5.516035979571814,57,21
0.019269949852317933,9.449373165624088,57,22
0.03421901407143532,5.516035979571839,57,23
0.15536672152304007,3.2871445809652093,57,24
0.15536672152304046,3.28714458096521,57,25
0.11657824730438669,7.074460146166121,57,26
0.11657824730438669,7.074460146166149,57,27
0.1553667215230404,3.28714458096523,57,28
0.03421901407143539,5.51603597957184,57,29
0.11657824730438676,7.074460146166131,57,30
0.035295182352317545,10.436090582923221,57,31
0.11657824730438676,7.07446014616615,57,32
0.050439386329984306,9.967291945745956,57,33
0.050439386329984306,9.967291945745973,57,34
0.010772254887823166,7.752692556022616,57,35
0.010772254887823166,7.752692556022608,57,36
0.28844065832195165,6.3626180489203,57,37
0.05043938632998414,9.967291945745956,57,38
0.28844065832195165,6.362618048920322,57,39
0.055651708413250636,4.567447318216656,57,40
0.05565170841325069,4.567447318216657,57,41
0.010772254887823204,7.752692556022608,57,42
0.010772254887823204,7.752692556022634,57,43
0.05565170841325069,4.567447318216672,57,44
0.2884406583219515,6.362618048920322,57,45
0.010772254887823332,7.752692556022617,57,46
0.0026460608707040566,10.907256399456937,57,47
0.010772254887823332,7.752692556022635,57,48
0.07344759296201415,8.85919486900745,57,49
0.025625115345724484,7.672287813637204,57,50
0.07344759296201415,8.85919486900745,57,51
0.025625115345724484,7.672287813637204,57,52
0.06425886482962918,4.429597434503725,57,53
0.025625115345724467,7.672287813637204,57,54
0.025625115345724467,7.672287813637204,57,55
0.06425886482962918,4.429597434503725,57,56
1.9513982968717978,0.0,57,57
0.0642588648296294,4.429597434503725,57,58
0.07344759296201438,8.85919486900745,57,59
0.0642588648296294,4.429597434503725,57,60
0.06425886482962918,4.429597434503724,57,61
0.06425886482962918,4.429597434503724,57,62
0.025625115345724467,7.672287813637204,57,63
0.025625115345724467,7.672287813637204,57,64
0.010772254887823332,7.752692556022635,57,65
0.0026460608707040566,10.907256399456937,57,66
0.010772254887823332,7.752692556022617,57,67
0.2884406583219515,6.362618048920322,57,68
0.05565170841325069,4.567447318216673,57,69
0.010772254887823204,7.752692556022635,57,70
0.010772254887823204,7.752692556022609,57,71
0.05565170841325069,4.567447318216658,57,72
0.055651708413250636,4.567447318216659,57,73
0.28844065832195165,6.362618048920323,57,74
0.05043938632998414,9.967291945745956,57,75
0.28844065832195165,6.362618048920301,57,76
0.010772254887823166,7.752692556022608,57,77
0.010772254887823166,7.752692556022616,57,78
0.050439386329984306,9.967291945745975,57,79
0.050439386329984306,9.967291945745956,57,80
0.03421901407143539,5.5160359795718374,58,1
0.11657824730438676,7.074460146166149,58,2
0.035295182352317545,10.436090582923221,58,3
0.11657824730438676,7.074460146166129,58,4
0.1553667215230404,3.287144580965208,58,5
0.1553667215230404,3.287144580965229,58,6
0.11657824730438669,7.074460146166149,58,7
0.11657824730438669,7.074460146166119,58,8
0.034219014071435266,5.516035979571814,58,9
0.15536672152304007,3.287144580965209,58,10
0.03421901407143532,5.516035979571838,58,11
0.019269949852317933,9.449373165624086,58,12
0.019269949852317832,9.449373165624086,58,13
0.11657824730438678,7.074460146166119,58,14
0.11657824730438678,7.074460146166129,58,15
0.019269949852317832,9.449373165624108,58,16
0.11657824730438678,7.074460146166121,58,17
0.019269949852317832,9.449373165624088,58,18
0.019269949852317832,9.449373165624108,58,19
0.11657824730438678,7.07446014616613,58,20
0.15536672152304007,3.2871445809652093,58,21
0.034219014071435266,5.516035979571814,58,22
0.019269949852317933,9.449373165624086,58,23
0.03421901407143532,5.516035979571839,58,24
0.1553667215230404,3.2871445809652298,58,25
0.15536672152304046,3.28714458096521,58,26
0.11657824730438669,7.074460146166121,58,27
0.11657824730438669,7.07446014616615,58,28
0.11657824730438676,7.07446014616615,58,29
0.03421901407143539,5.51603597957184,58,30
0.11657824730438676,7.074460146166131,58,31
0.035295182352317545,10.43609058292322,58,32
0.010772254887823166,7.752692556022608,58,33
0.050439386329984306,9.967291945745956,58,34
0.050439386329984306,9.967291945745973,58,35
0.010772254887823166,7.752692556022616,58,36
0.055651708413250636,4.567447318216656,58,37
0.28844065832195165,6.3626180489203,58,38
0.05043938632998414,9.967291945745954,58,39
0.28844065832195165,6.362618048920322,58,40
0.05565170841325069,4.567447318216671,58,41
0.05565170841325069,4.567447318216657,58,42
0.010772254887823204,7.752692556022608,58,43
0.010772254887823204,7.752692556022635,58,44
0.010772254887823332,7.752692556022634,58,45
0.2884406583219515,6.362618048920322,58,46
0.010772254887823332,7.752692556022617,58,47
0.0026460608707040566,10.907256399456935,58,48
0.025625115345724484,7.672287813637204,58,49
0.07344759296201415,8.85919486900745,58,50
0.025625115345724484,7.672287813637204,58,51
0.07344759296201415,8.85919486900745,58,52
0.06425886482962918,4.429597434503725,58,53
0.06425886482962918,4.429597434503725,58,54
0.025625115345724467,7.672287813637204,58,55
0.025625115345724467,7.672287813637204,58,56
0.0642588648296294,4.429597434503725,58,57
1.9513982968717978,0.0,58,58
0.0642588648296294,4.429597434503725,58,59
0.07344759296201438,8.85919486900745,58,60
0.025625115345724467,7.672287813637204,58,61
0.06425886482962918,4.429597434503724,58,62
0.06425886482962918,4.429597434503724,58,63
0.025625115345724467,7.672287813637204,58,64
0.2884406583219515,6.362618048920322,58,65
0.010772254887823332,7.752692556022635,58,66
0.0026460608707040566,10.907256399456937,58,67
0.010772254887823332,7.752692556022617,58,68
0.05565170841325069,4.567447318216658,58,69
0.05565170841325069,4.567447318216673,58,70
0.010772254887823204,7.752692556022635,58,71
0.010772254887823204,7.752692556022608,58,72
0.28844065832195165,6.362618048920302,58,73
0.055651708413250636,4.567447318216659,58,74
0.28844065832195165,6.362618048920323,58,75
0.05043938632998414,9.967291945745956,58,76
0.050439386329984306,9.967291945745956,58,77
0.010772254887823166,7.752692556022608,58,78
0.010772254887823166,7.752692556022616,58,79
0.050439386329984306,9.967291945745975,58,80
0.11657824730438676,7.074460146166129,59,1
0.03421901407143539,5.5160359795718374,59,2
0.11657824730438676,7.074460146166148,59,3
0.035295182352317545,10.436090582923221,59,4
0.11657824730438669,7.07446014616612,59,5
0.1553667215230404,3.287144580965208,59,6
0.1553667215230404,3.287144580965229,59,7
0.11657824730438669,7.074460146166149,59,8
0.019269949852317933,9.44937316562409,59,9
0.034219014071435266,5.516035979571814,59,10
0.15536672152304007,3.287144580965209,59,11
0.03421901407143532,5.516035979571839,59,12
0.019269949852317832,9.449373165624108,59,13
0.019269949852317832,9.449373165624086,59,14
0.11657824730438678,7.074460146166119,59,15
0.11657824730438678,7.074460146166129,59,16
0.11657824730438678,7.07446014616613,59,17
0.11657824730438678,7.074460146166121,59,18
0.019269949852317832,9.449373165624088,59,19
0.019269949852317832,9.449373165624108,59,20
0.03421901407143532,5.516035979571838,59,21
0.15536672152304007,3.2871445809652093,59,22
0.034219014071435266,5.516035979571814,59,23
0.019269949852317933,9.449373165624086,59,24
0.11657824730438669,7.074460146166149,59,25
0.1553667215230404,3.2871445809652298,59,26
0.15536672152304046,3.28714458096521,59,27
0.11657824730438669,7.074460146166121,59,28
0.035295182352317545,10.436090582923217,59,29
0.11657824730438676,7.07446014616615,59,30
0.03421901407143539,5.51603597957184,59,31
0.11657824730438676,7.07446014616613,59,32
0.010772254887823166,7.752692556022616,59,33
0.010772254887823166,7.752692556022608,59,34
0.050439386329984306,9.967291945745956,59,35
0.050439386329984306,9.967291945745973,59,36
0.28844065832195165,6.3626180489203215,59,37
0.055651708413250636,4.567447318216656,59,38
0.28844065832195165,6.3626180489203,59,39
0.05043938632998414,9.967291945745954,59,40
0.010772254887823204,7.752692556022634,59,41
0.05565170841325069,4.567447318216671,59,42
0.05565170841325069,4.567447318216657,59,43
0.010772254887823204,7.752692556022608,59,44
0.0026460608707040566,10.907256399456935,59,45
0.010772254887823332,7.752692556022634,59,46
0.2884406583219515,6.362618048920322,59,47
0.010772254887823332,7.752692556022616,59,48
0.07344759296201415,8.85919486900745,59,49
0.025625115345724484,7.672287813637204,59,50
0.07344759296201415,8.85919486900745,59,51
0.025625115345724484,7.672287813637204,59,52
0.025625115345724467,7.672287813637204,59,53
0.06425886482962918,4.429597434503725,59,54
0.06425886482962918,4.429597434503725,59,55
0.025625115345724467,7.672287813637204,59,56
0.07344759296201438,8.85919486900745,59,57
0.0642588648296294,4.429597434503725,59,58
1.9513982968717978,0.0,59,59
0.0642588648296294,4.429597434503725,59,60
0.025625115345724467,7.672287813637204,59,61
0.025625115345724467,7.672287813637204,59,62
0.06425886482962918,4.429597434503724,59,63
0.06425886482962918,4.429597434503724,59,64
0.010772254887823332,7.752692556022617,59,65
0.2884406583219515,6.362618048920322,59,66
0.010772254887823332,7.752692556022634,59,67
0.0026460608707040566,10.907256399456937,59,68
0.010772254887823204,7.752692556022609,59,69
0.05565170841325069,4.567447318216658,59,70
0.05565170841325069,4.567447318216673,59,71
0.010772254887823204,7.752692556022635,59,72
0.05043938632998414,9.967291945745957,59,73
0.28844065832195165,6.362618048920302,59,74
0.055651708413250636,4.567447318216659,59,75
0.28844065832195165,6.362618048920323,59,76
0.050439386329984306,9.967291945745975,59,77
0.050439386329984306,9.967291945745956,59,78
0.010772254887823166,7.752692556022608,59,79
0.010772254887823166,7.752692556022616,59,80
0.035295182352317545,10.436090582923221,60,1
0.11657824730438676,7.074460146166129,60,2
0.03421901407143539,5.5160359795718374,60,3
0.11657824730438676,7.074460146166148,60,4
0.11657824730438669,7.074460146166149,60,5
0.11657824730438669,7.07446014616612,60,6
0.1553667215230404,3.287144580965208,60,7
0.1553667215230404,3.287144580965229,60,8
0.03421901407143532,5.516035979571839,60,9
0.019269949852317933,9.449373165624086,60,10
0.034219014071435266,5.516035979571814,60,11
0.15536672152304007,3.287144580965209,60,12
0.11657824730438678,7.074460146166129,60,13
0.019269949852317832,9.44937316562411,60,14
0.019269949852317832,9.449373165624086,60,15
0.11657824730438678,7.074460146166119,60,16
0.019269949852317832,9.449373165624108,60,17
0.11657824730438678,7.07446014616613,60,18
0.11657824730438678,7.074460146166121,60,19
0.019269949852317832,9.449373165624088,60,20
0.019269949852317933,9.449373165624085,60,21
0.03421901407143532,5.516035979571838,60,22
0.15536672152304007,3.2871445809652093,60,23
0.034219014071435266,5.516035979571814,60,24
0.11657824730438669,7.0744601461661185,60,25
0.11657824730438669,7.074460146166149,60,26
0.1553667215230404,3.2871445809652298,60,27
0.15536672152304046,3.28714458096521,60,28
0.11657824730438676,7.074460146166129,60,29
0.035295182352317545,10.436090582923221,60,30
0.11657824730438676,7.07446014616615,60,31
0.03421901407143539,5.51603597957184,60,32
0.050439386329984306,9.967291945745973,60,33
0.010772254887823166,7.752692556022616,60,34
0.010772254887823166,7.752692556022608,60,35
0.050439386329984306,9.967291945745956,60,36
0.05043938632998414,9.967291945745952,60,37
0.28844065832195165,6.3626180489203215,60,38
0.055651708413250636,4.567447318216656,60,39
0.28844065832195165,6.3626180489203,60,40
0.010772254887823204,7.752692556022606,60,41
0.010772254887823204,7.752692556022634,60,42
0.05565170841325069,4.567447318216671,60,43
0.05565170841325069,4.567447318216657,60,44
0.010772254887823332,7.752692556022615,60,45
0.0026460608707040566,10.907256399456937,60,46
0.010772254887823332,7.752692556022634,60,47
0.2884406583219515,6.362618048920322,60,48
0.025625115345724484,7.672287813637204,60,49
0.07344759296201415,8.85919486900745,60,50
0.025625115345724484,7.672287813637204,60,51
0.07344759296201415,8.85919486900745,60,52
0.025625115345724467,7.672287813637203,60,53
0.025625115345724467,7.672287813637204,60,54
0.06425886482962918,4.429597434503725,60,55
0.06425886482962918,4.429597434503725,60,56
0.0642588648296294,4.429597434503725,60,57
0.07344759296201438,8.85919486900745,60,58
0.0642588648296294,4.429597434503725,60,59
1.9513982968717978,0.0,60,60
0.06425886482962918,4.429597434503725,60,61
0.025625115345724467,7.6722878136372055,60,62
0.025625115345724467,7.672287813637204,60,63
0.06425886482962918,4.429597434503724,60,64
0.0026460608707040566,10.907256399456937,60,65
0.010772254887823332,7.752692556022617,60,66
0.2884406583219515,6.362618048920322,60,67
0.010772254887823332,7.752692556022634,60,68
0.010772254887823204,7.752692556022635,60,69
0.010772254887823204,7.752692556022609,60,70
0.05565170841325069,4.567447318216658,60,71
0.05565170841325069,4.567447318216673,60,72
0.28844065832195165,6.362618048920323,60,73
0.05043938632998414,9.967291945745956,60,74
0.28844065832195165,6.362618048920302,60,75
0.055651708413250636,4.567447318216659,60,76
0.010772254887823166,7.752692556022616,60,77
0.050439386329984306,9.967291945745977,60,78
0.050439386329984306,9.967291945745956,60,79
0.010772254887823166,7.752692556022608,60,80
0.11657824730438678,7.074460146166121,61,1
0.11657824730438678,7.074460146166131,61,2
0.019269949852317832,9.44937316562411,61,3
0.019269949852317832,9.449373165624088,61,4
0.11657824730438676,7.074460146166149,61,5
0.035295182352317545,10.43609058292322,61,6
0.11657824730438676,7.074460146166129,61,7
0.03421901407143539,5.5160359795718374,61,8
0.1553667215230404,3.287144580965228,61,9
0.11657824730438669,7.074460146166149,61,10
0.11657824730438669,7.074460146166119,61,11
0.1553667215230404,3.2871445809652076,61,12
0.15536672152304007,3.287144580965208,61,13
0.03421901407143532,5.5160359795718374,61,14
0.019269949852317933,9.449373165624088,61,15
0.034219014071435266,5.5160359795718135,61,16
0.03421901407143539,5.516035979571838,61,17
0.11657824730438676,7.07446014616613,61,18
0.035295182352317545,10.436090582923221,61,19
0.11657824730438676,7.074460146166149,61,20
0.019269949852317832,9.449373165624086,61,21
0.019269949852317832,9.44937316562411,61,22
0.11657824730438678,7.074460146166129,61,23
0.11657824730438678,7.074460146166119,61,24
0.034219014071435266,5.516035979571814,61,25
0.019269949852317933,9.449373165624088,61,26
0.03421901407143532,5.516035979571838,61,27
0.15536672152304007,3.2871445809652093,61,28
0.15536672152304046,3.28714458096521,61,29
0.11657824730438669,7.074460146166121,61,30
0.11657824730438669,7.07446014616615,61,31
0.1553667215230404,3.287144580965231,61,32
0.2884406583219515,6.3626180489203215,61,33
0.010772254887823332,7.752692556022616,61,34
0.0026460608707040566,10.907256399456937,61,35
0.010772254887823332,7.752692556022634,61,36
0.050439386329984306,9.967291945745954,61,37
0.050439386329984306,9.967291945745975,61,38
0.010772254887823166,7.752692556022615,61,39
0.010772254887823166,7.752692556022607,61,40
0.28844065832195165,6.3626180489203,61,41
0.05043938632998414,9.967291945745956,61,42
0.28844065832195165,6.3626180489203215,61,43
0.055651708413250636,4.567447318216656,61,44
0.05565170841325069,4.567447318216657,61,45
0.010772254887823204,7.752692556022608,61,46
0.010772254887823204,7.752692556022635,61,47
0.05565170841325069,4.567447318216672,61,48
0.06425886482962918,4.429597434503725,61,49
0.06425886482962918,4.429597434503725,61,50
0.025625115345724467,7.672287813637204,61,51
0.025625115345724467,7.672287813637204,61,52
0.07344759296201415,8.859194869007448,61,53
0.025625115345724484,7.672287813637203,61,54
0.07344759296201415,8.859194869007448,61,55
0.025625115345724484,7.672287813637203,61,56
0.06425886482962918,4.429597434503724,61,57
0.025625115345724467,7.672287813637204,61,58
0.025625115345724467,7.672287813637204,61,59
0.06425886482962918,4.429597434503724,61,60
1.9513982968717978,0.0,61,61
0.0642588648296294,4.429597434503725,61,62
0.07344759296201438,8.85919486900745,61,63
0.0642588648296294,4.429597434503726,61,64
0.010772254887823166,7.75269255602261,61,65
0.010772254887823166,7.75269255602262,61,66
0.050439386329984306,9.967291945745977,61,67
0.050439386329984306,9.967291945745956,61,68
0.010772254887823332,7.752692556022635,61,69
0.0026460608707040566,10.907256399456937,61,70
0.010772254887823332,7.752692556022617,61,71
0.2884406583219515,6.362618048920322,61,72
0.05565170841325069,4.567447318216672,61,73
0.010772254887823204,7.752692556022635,61,74
0.010772254887823204,7.752692556022608,61,75
0.05565170841325069,4.567447318216657,61,76
0.055651708413250636,4.567447318216658,61,77
0.28844065832195165,6.362618048920322,61,78
0.05043938632998414,9.967291945745956,61,79
0.28844065832195165,6.362618048920302,61,80
0.019269949852317832,9.449373165624088,62,1
0.11657824730438678,7.074460146166122,62,2
0.11657824730438678,7.074460146166131,62,3
0.019269949852317832,9.44937316562411,62,4
0.03421901407143539,5.5160359795718374,62,5
0.11657824730438676,7.074460146166149,62,6
0.035295182352317545,10.43609058292322,62,7
0.11657824730438676,7.074460146166129,62,8
0.1553667215230404,3.287144580965208,62,9
0.1553667215230404,3.287144580965228,62,10
0.11657824730438669,7.074460146166149,62,11
0.11657824730438669,7.074460146166119,62,12
0.034219014071435266,5.5160359795718135,62,13
0.15536672152304007,3.287144580965208,62,14
0.03421901407143532,5.5160359795718374,62,15
0.019269949852317933,9.449373165624088,62,16
0.11657824730438676,7.074460146166149,62,17
0.03421901407143539,5.516035979571838,62,18
0.11657824730438676,7.07446014616613,62,19
0.035295182352317545,10.436090582923221,62,20
0.11657824730438678,7.074460146166119,62,21
0.019269949852317832,9.449373165624086,62,22
0.019269949852317832,9.44937316562411,62,23
0.11657824730438678,7.074460146166129,62,24
0.15536672152304007,3.2871445809652093,62,25
0.034219014071435266,5.516035979571814,62,26
0.019269949852317933,9.449373165624088,62,27
0.03421901407143532,5.516035979571839,62,28
0.1553667215230404,3.28714458096523,62,29
0.15536672152304046,3.28714458096521,62,30
0.11657824730438669,7.074460146166121,62,31
0.11657824730438669,7.07446014616615,62,32
0.010772254887823332,7.752692556022634,62,33
0.2884406583219515,6.3626180489203215,62,34
0.010772254887823332,7.752692556022616,62,35
0.0026460608707040566,10.907256399456937,62,36
0.010772254887823166,7.752692556022607,62,37
0.050439386329984306,9.967291945745954,62,38
0.050439386329984306,9.967291945745975,62,39
0.010772254887823166,7.752692556022615,62,40
0.055651708413250636,4.567447318216656,62,41
0.28844065832195165,6.3626180489203,62,42
0.05043938632998414,9.967291945745956,62,43
0.28844065832195165,6.362618048920322,62,44
0.05565170841325069,4.567447318216671,62,45
0.05565170841325069,4.567447318216657,62,46
0.010772254887823204,7.752692556022608,62,47
0.010772254887823204,7.752692556022635,62,48
0.025625115345724467,7.672287813637204,62,49
0.06425886482962918,4.429597434503725,62,50
0.06425886482962918,4.429597434503725,62,51
0.025625115345724467,7.672287813637204,62,52
0.025625115345724484,7.672287813637203,62,53
0.07344759296201415,8.859194869007448,62,54
0.025625115345724484,7.672287813637203,62,55
0.07344759296201415,8.859194869007448,62,56
0.06425886482962918,4.429597434503724,62,57
0.06425886482962918,4.429597434503724,62,58
0.025625115345724467,7.672287813637204,62,59
0.025625115345724467,7.672287813637204,62,60
0.0642588648296294,4.429597434503725,62,61
1.9513982968717978,0.0,62,62
0.0642588648296294,4.429597434503725,62,63
0.07344759296201438,8.85919486900745,62,64
0.050439386329984306,9.967291945745956,62,65
0.010772254887823166,7.75269255602261,62,66
0.010772254887823166,7.75269255602262,62,67
0.050439386329984306,9.967291945745977,62,68
0.2884406583219515,6.362618048920322,62,69
0.010772254887823332,7.752692556022635,62,70
0.0026460608707040566,10.907256399456937,62,71
0.010772254887823332,7.752692556022616,62,72
0.05565170841325069,4.567447318216658,62,73
0.05565170841325069,4.567447318216672,62,74
0.010772254887823204,7.752692556022635,62,75
0.010772254887823204,7.752692556022608,62,76
0.28844065832195165,6.362618048920302,62,77
0.055651708413250636,4.567447318216658,62,78
0.28844065832195165,6.362618048920322,62,79
0.05043938632998414,9.967291945745956,62,80
0.019269949852317832,9.44937316562411,63,1
0.019269949852317832,9.44937316562409,63,2
0.11657824730438678,7.074460146166122,63,3
0.11657824730438678,7.074460146166131,63,4
0.11657824730438676,7.074460146166129,63,5
0.03421901407143539,5.5160359795718374,63,6
0.11657824730438676,7.074460146166149,63,7
0.035295182352317545,10.43609058292322,63,8
0.11657824730438669,7.07446014616612,63,9
0.1553667215230404,3.287144580965208,63,10
0.1553667215230404,3.287144580965228,63,11
0.11657824730438669,7.07446014616615,63,12
0.019269949852317933,9.449373165624088,63,13
0.034219014071435266,5.5160359795718135,63,14
0.15536672152304007,3.287144580965208,63,15
0.03421901407143532,5.5160359795718374,63,16
0.035295182352317545,10.436090582923217,63,17
0.11657824730438676,7.074460146166149,63,18
0.03421901407143539,5.516035979571838,63,19
0.11657824730438676,7.07446014616613,63,20
0.11657824730438678,7.074460146166129,63,21
0.11657824730438678,7.074460146166119,63,22
0.019269949852317832,9.449373165624086,63,23
0.019269949852317832,9.44937316562411,63,24
0.03421901407143532,5.516035979571838,63,25
0.15536672152304007,3.2871445809652093,63,26
0.034219014071435266,5.516035979571814,63,27
0.019269949852317933,9.449373165624088,63,28
0.11657824730438669,7.074460146166149,63,29
0.1553667215230404,3.28714458096523,63,30
0.15536672152304046,3.28714458096521,63,31
0.11657824730438669,7.074460146166119,63,32
0.0026460608707040566,10.907256399456935,63,33
0.010772254887823332,7.752692556022634,63,34
0.2884406583219515,6.3626180489203215,63,35
0.010772254887823332,7.752692556022616,63,36
0.010772254887823166,7.752692556022615,63,37
0.010772254887823166,7.752692556022607,63,38
0.050439386329984306,9.967291945745954,63,39
0.050439386329984306,9.967291945745975,63,40
0.28844065832195165,6.3626180489203215,63,41
0.055651708413250636,4.567447318216656,63,42
0.28844065832195165,6.3626180489203,63,43
0.05043938632998414,9.967291945745956,63,44
0.010772254887823204,7.752692556022634,63,45
0.05565170841325069,4.567447318216671,63,46
0.05565170841325069,4.567447318216657,63,47
0.010772254887823204,7.752692556022607,63,48
0.025625115345724467,7.672287813637204,63,49
0.025625115345724467,7.672287813637204,63,50
0.06425886482962918,4.429597434503725,63,51
0.06425886482962918,4.429597434503725,63,52
0.07344759296201415,8.859194869007448,63,53
0.025625115345724484,7.672287813637203,63,54
0.07344759296201415,8.859194869007448,63,55
0.025625115345724484,7.672287813637203,63,56
0.025625115345724467,7.672287813637204,63,57
0.06425886482962918,4.429597434503724,63,58
0.06425886482962918,4.429597434503724,63,59
0.025625115345724467,7.672287813637204,63,60
0.07344759296201438,8.85919486900745,63,61
0.0642588648296294,4.429597434503725,63,62
1.9513982968717978,0.0,63,63
0.0642588648296294,4.429597434503725,63,64
0.050439386329984306,9.967291945745977,63,65
0.050439386329984306,9.967291945745957,63,66
0.010772254887823166,7.75269255602261,63,67
0.010772254887823166,7.75269255602262,63,68
0.010772254887823332,7.752692556022617,63,69
0.2884406583219515,6.362618048920322,63,70
0.010772254887823332,7.752692556022635,63,71
0.0026460608707040566,10.907256399456937,63,72
0.010772254887823204,7.752692556022609,63,73
0.05565170841325069,4.567447318216658,63,74
0.05565170841325069,4.567447318216672,63,75
0.010772254887823204,7.752692556022636,63,76
0.05043938632998414,9.967291945745956,63,77
0.28844065832195165,6.362618048920302,63,78
0.055651708413250636,4.567447318216658,63,79
0.28844065832195165,6.362618048920322,63,80
0.11657824730438678,7.074460146166131,64,1
0.019269949852317832,9.44937316562411,64,2
0.019269949852317832,9.44937316562409,64,3
0.11657824730438678,7.074460146166122,64,4
0.035295182352317545,10.43609058292322,64,5
0.11657824730438676,7.074460146166129,64,6
0.03421901407143539,5.5160359795718374,64,7
0.11657824730438676,7.074460146166149,64,8
0.11657824730438669,7.07446014616615,64,9
0.11657824730438669,7.07446014616612,64,10
0.1553667215230404,3.287144580965208,64,11
0.1553667215230404,3.287144580965229,64,12
0.03421901407143532,5.5160359795718374,64,13
0.019269949852317933,9.449373165624088,64,14
0.034219014071435266,5.5160359795718135,64,15
0.15536672152304007,3.287144580965208,64,16
0.11657824730438676,7.074460146166129,64,17
0.035295182352317545,10.436090582923221,64,18
0.11657824730438676,7.074460146166149,64,19
0.03421901407143539,5.516035979571838,64,20
0.019269949852317832,9.449373165624108,64,21
0.11657824730438678,7.074460146166129,64,22
0.11657824730438678,7.074460146166119,64,23
0.019269949852317832,9.449373165624086,64,24
0.019269949852317933,9.449373165624085,64,25
0.03421901407143532,5.516035979571838,64,26
0.15536672152304007,3.2871445809652093,64,27
0.034219014071435266,5.516035979571814,64,28
0.11657824730438669,7.0744601461661185,64,29
0.11657824730438669,7.074460146166149,64,30
0.1553667215230404,3.28714458096523,64,31
0.15536672152304046,3.2871445809652093,64,32
0.010772254887823332,7.752692556022615,64,33
0.0026460608707040566,10.907256399456937,64,34
0.010772254887823332,7.752692556022634,64,35
0.2884406583219515,6.3626180489203215,64,36
0.050439386329984306,9.967291945745973,64,37
0.010772254887823166,7.752692556022615,64,38
0.010772254887823166,7.752692556022607,64,39
0.050439386329984306,9.967291945745954,64,40
0.05043938632998414,9.967291945745952,64,41
0.28844065832195165,6.3626180489203215,64,42
0.055651708413250636,4.567447318216656,64,43
0.28844065832195165,6.3626180489203,64,44
0.010772254887823204,7.752692556022605,64,45
0.010772254887823204,7.752692556022634,64,46
0.05565170841325069,4.567447318216671,64,47
0.05565170841325069,4.567447318216656,64,48
0.06425886482962918,4.429597434503725,64,49
0.025625115345724467,7.6722878136372055,64,50
0.025625115345724467,7.672287813637204,64,51
0.06425886482962918,4.429597434503725,64,52
0.025625115345724484,7.672287813637203,64,53
0.07344759296201415,8.859194869007448,64,54
0.025625115345724484,7.672287813637203,64,55
0.07344759296201415,8.859194869007448,64,56
0.025625115345724467,7.672287813637204,64,57
0.025625115345724467,7.672287813637204,64,58
0.06425886482962918,4.429597434503724,64,59
0.06425886482962918,4.429597434503724,64,60
0.0642588648296294,4.429597434503726,64,61
0.07344759296201438,8.85919486900745,64,62
0.0642588648296294,4.429597434503725,64,63
1.9513982968717978,0.0,64,64
0.010772254887823166,7.75269255602262,64,65
0.050439386329984306,9.967291945745977,64,66
0.050439386329984306,9.967291945745957,64,67
0.010772254887823166,7.75269255602261,64,68
0.0026460608707040566,10.907256399456937,64,69
0.010772254887823332,7.752692556022617,64,70
0.2884406583219515,6.362618048920322,64,71
0.010772254887823332,7.752692556022635,64,72
0.010772254887823204,7.752692556022636,64,73
0.010772254887823204,7.752692556022609,64,74
0.05565170841325069,4.567447318216658,64,75
0.05565170841325069,4.567447318216673,64,76
0.28844065832195165,6.362618048920322,64,77
0.05043938632998414,9.967291945745956,64,78
0.28844065832195165,6.362618048920302,64,79
0.055651708413250636,4.567447318216658,64,80
0.02264467847486725,5.849484341885438,65,1
0.04668191108354774,7.337424650224688,65,2
0.021005378702737505,10.616110436172507,65,3
0.04668191108354774,7.337424650224688,65,4
0.046681911083547724,7.337424650224688,65,5
0.046681911083547724,7.337424650224688,65,6
0.008037086732528322,9.647821897259965,65,7
0.008037086732528322,9.647821897259963,65,8
0.02100537870273741,10.616110436172509,65,9
0.14384474457452054,9.647821897259965,65,10
0.02100537870273741,10.616110436172509,65,11
0.008037086732528315,9.647821897259965,65,12
0.04668191108354748,7.337424650224689,65,13
0.14384474457452048,9.647821897259965,65,14
0.14384474457452048,9.647821897259965,65,15
0.04668191108354748,7.337424650224689,65,16
0.829687726358042,3.0815561821881583,65,17
0.05974607789637044,6.981307568608172,65,18
0.05974607789637044,6.98130756860823,65,19
0.829687726358042,3.081556182188202,65,20
0.829687726358042,3.081556182188202,65,21
0.02446224634189903,5.396046880424969,65,22
0.0069811185101699555,9.37983593838558,65,23
0.02446224634189903,5.396046880425019,65,24
0.059746077896370334,6.98130756860823,65,25
0.059746077896370334,6.981307568608211,65,26
0.006981118510169808,9.379835938385595,65,27
0.006981118510169808,9.37983593838558,65,28
0.05974607789637038,6.981307568608171,65,29
0.016748106696298226,10.373169991029329,65,30
0.05974607789637038,6.98130756860821,65,31
0.024462246341899082,5.396046880424968,65,32
0.005853031758480202,7.989052921778411,65,33
0.028064161093989144,10.152223079232442,65,34
0.028064161093989144,10.152223079232483,65,35
0.005853031758480202,7.989052921778428,65,36
0.005853031758480175,7.989052921778428,65,37
0.011517614429410237,9.134894636433314,65,38
0.007128493962174965,11.929388094702253,65,39
0.011517614429410237,9.134894636433344,65,40
0.02806416109398923,10.152223079232483,65,41
0.02806416109398923,10.15222307923247,65,42
0.007128493962174965,11.929388094702261,65,43
0.007128493962174965,11.92938809470225,65,44
0.02806416109398931,10.152223079232442,65,45
0.0979352422632852,12.725236097840602,65,46
0.02806416109398931,10.152223079232469,65,47
0.011517614429410256,9.134894636433314,65,48
0.055655974351171464,4.567447318216658,65,49
0.2884326401176424,6.362618048920302,65,50
0.05043444732894406,9.967291945745956,65,51
0.2884326401176422,6.362618048920323,65,52
0.05565597435117169,4.567447318216673,65,53
0.05565597435117171,4.567447318216658,65,54
0.010770336699837105,7.752692556022609,65,55
0.010770336699837105,7.752692556022635,65,56
0.010770336699837124,7.752692556022635,65,57
0.2884326401176423,6.362618048920322,65,58
0.010770336699837124,7.752692556022617,65,59
0.0026414407173268226,10.907256399456937,65,60
0.01077033669983699,7.752692556022609,65,61
0.0504344473289443,9.967291945745956,65,62
0.0504344473289443,9.967291945745977,65,63
0.01077033669983699,7.752692556022617,65,64
2.1750897506953297,0.0,65,65
0.0809113791196967,4.429597434503725,65,66
0.019815855332348673,8.85919486900745,65,67
0.08091137911969655,4.429597434503725,65,68
0.08091137911969665,4.429597434503725,65,69
0.08091137911969674,4.429597434503725,65,70
0.0042859379028332405,7.672287813637204,65,71
0.0042859379028332405,7.672287813637203,65,72
0.019815855332348527,8.85919486900745,65,73
0.00428767727676965,7.672287813637205,65,74
0.019815855332348527,8.85919486900745,65,75
0.00428593790283312,7.672287813637205,65,76
0.0809113791196966,4.429597434503725,65,77
0.0042876772767695024,7.672287813637204,65,78
0.0042876772767695024,7.672287813637204,65,79
0.0809113791196966,4.429597434503725,65,80
0.04668191108354774,7.337424650224688,66,1
0.02264467847486725,5.849484341885438,66,2
0.04668191108354774,7.337424650224688,66,3
0.021005378702737505,10.616110436172507,66,4
0.008037086732528322,9.647821897259965,66,5
0.046681911083547724,7.337424650224688,66,6
0.046681911083547724,7.337424650224688,66,7
0.008037086732528322,9.647821897259965,66,8
0.008037086732528315,9.647821897259965,66,9
0.02100537870273741,10.616110436172509,66,10
0.14384474457452054,9.647821897259965,66,11
0.02100537870273741,10.616110436172509,66,12
0.04668191108354748,7.337424650224689,66,13
0.04668191108354748,7.337424650224689,66,14
0.14384474457452048,9.647821897259965,66,15
0.14384474457452048,9.647821897259965,66,16
0.829687726358042,3.081556182188202,66,17
0.829687726358042,3.0815561821881583,66,18
0.05974607789637044,6.981307568608172,66,19
0.05974607789637044,6.981307568608231,66,20
0.02446224634189903,5.396046880425018,66,21
0.829687726358042,3.081556182188202,66,22
0.02446224634189903,5.396046880424968,66,23
0.0069811185101699555,9.37983593838558,66,24
0.006981118510169808,9.37983593838558,66,25
0.059746077896370334,6.98130756860823,66,26
0.059746077896370334,6.981307568608211,66,27
0.006981118510169808,9.379835938385595,66,28
0.024462246341899082,5.396046880424968,66,29
0.05974607789637038,6.981307568608171,66,30
0.016748106696298226,10.373169991029329,66,31
0.05974607789637038,6.9813075686082104,66,32
0.005853031758480202,7.989052921778428,66,33
0.005853031758480202,7.989052921778411,66,34
0.028064161093989144,10.152223079232442,66,35
0.028064161093989144,10.152223079232483,66,36
0.011517614429410237,9.134894636433344,66,37
0.005853031758480175,7.989052921778428,66,38
0.011517614429410237,9.134894636433314,66,39
0.007128493962174965,11.92938809470225,66,40
0.007128493962174965,11.92938809470225,66,41
0.02806416109398923,10.152223079232483,66,42
0.02806416109398923,10.15222307923247,66,43
0.007128493962174965,11.929388094702261,66,44
0.011517614429410256,9.134894636433314,66,45
0.02806416109398931,10.152223079232442,66,46
0.0979352422632852,12.7252360978406,66,47
0.02806416109398931,10.152223079232469,66,48
0.2884326401176422,6.362618048920323,66,49
0.055655974351171464,4.567447318216658,66,50
0.2884326401176424,6.362618048920302,66,51
0.05043444732894406,9.967291945745956,66,52
0.010770336699837105,7.752692556022635,66,53
0.05565597435117169,4.567447318216673,66,54
0.05565597435117171,4.567447318216658,66,55
0.010770336699837105,7.752692556022609,66,56
0.0026414407173268226,10.907256399456937,66,57
0.010770336699837124,7.752692556022635,66,58
0.2884326401176423,6.362618048920322,66,59
0.010770336699837124,7.752692556022617,66,60
0.01077033669983699,7.752692556022617,66,61
0.01077033669983699,7.752692556022609,66,62
0.0504344473289443,9.967291945745956,66,63
0.0504344473289443,9.967291945745977,66,64
0.08091137911969655,4.429597434503725,66,65
2.1750897506953297,0.0,66,66
0.0809113791196967,4.429597434503724,66,67
0.019815855332348673,8.85919486900745,66,68
0.0042859379028332405,7.672287813637204,66,69
0.08091137911969665,4.429597434503725,66,70
0.08091137911969674,4.429597434503725,66,71
0.0042859379028332405,7.672287813637204,66,72
0.00428593790283312,7.672287813637205,66,73
0.019815855332348527,8.85919486900745,66,74
0.00428767727676965,7.672287813637205,66,75
0.019815855332348527,8.85919486900745,66,76
0.0809113791196966,4.429597434503725,66,77
0.0809113791196966,4.429597434503725,66,78
0.0042876772767695024,7.672287813637204,66,79
0.0042876772767695024,7.672287813637203,66,80
0.021005378702737505,10.616110436172507,67,1
0.04668191108354774,7.337424650224688,67,2
0.02264467847486725,5.849484341885438,67,3
0.04668191108354774,7.337424650224688,67,4
0.008037086732528322,9.647821897259965,67,5
0.008037086732528322,9.647821897259963,67,6
0.046681911083547724,7.337424650224688,67,7
0.046681911083547724,7.337424650224689,67,8
0.02100537870273741,10.616110436172509,67,9
0.008037086732528315,9.647821897259965,67,10
0.02100537870273741,10.616110436172509,67,11
0.14384474457452054,9.647821897259965,67,12
0.14384474457452048,9.647821897259965,67,13
0.04668191108354748,7.337424650224688,67,14
0.04668191108354748,7.337424650224689,67,15
0.14384474457452048,9.647821897259965,67,16
0.05974607789637044,6.981307568608229,67,17
0.829687726358042,3.081556182188201,67,18
0.829687726358042,3.0815561821881587,67,19
0.05974607789637044,6.981307568608173,67,20
0.0069811185101699555,9.37983593838558,67,21
0.02446224634189903,5.3960468804250175,67,22
0.829687726358042,3.081556182188202,67,23
0.02446224634189903,5.396046880424969,67,24
0.006981118510169808,9.379835938385595,67,25
0.006981118510169808,9.37983593838558,67,26
0.059746077896370334,6.98130756860823,67,27
0.059746077896370334,6.981307568608211,67,28
0.05974607789637038,6.981307568608209,67,29
0.024462246341899082,5.396046880424968,67,30
0.05974607789637038,6.981307568608171,67,31
0.016748106696298226,10.37316999102933,67,32
0.028064161093989144,10.152223079232481,67,33
0.005853031758480202,7.989052921778427,67,34
0.005853031758480202,7.989052921778411,67,35
0.028064161093989144,10.152223079232444,67,36
0.007128493962174965,11.92938809470225,67,37
0.011517614429410237,9.134894636433344,67,38
0.005853031758480175,7.989052921778428,67,39
0.011517614429410237,9.134894636433314,67,40
0.007128493962174965,11.929388094702261,67,41
0.007128493962174965,11.92938809470225,67,42
0.02806416109398923,10.152223079232483,67,43
0.02806416109398923,10.15222307923247,67,44
0.02806416109398931,10.152223079232467,67,45
0.011517614429410256,9.134894636433314,67,46
0.02806416109398931,10.152223079232442,67,47
0.0979352422632852,12.725236097840604,67,48
0.05043444732894406,9.967291945745956,67,49
0.2884326401176422,6.362618048920322,67,50
0.055655974351171464,4.567447318216658,67,51
0.2884326401176424,6.362618048920302,67,52
0.010770336699837105,7.752692556022609,67,53
0.010770336699837105,7.752692556022634,67,54
0.05565597435117169,4.567447318216672,67,55
0.05565597435117171,4.567447318216659,67,56
0.010770336699837124,7.752692556022617,67,57
0.0026414407173268226,10.907256399456937,67,58
0.010770336699837124,7.752692556022634,67,59
0.2884326401176423,6.362618048920322,67,60
0.0504344473289443,9.967291945745975,67,61
0.01077033669983699,7.752692556022617,67,62
0.01077033669983699,7.752692556022609,67,63
0.0504344473289443,9.967291945745956,67,64
0.019815855332348673,8.85919486900745,67,65
0.08091137911969655,4.429597434503724,67,66
2.1750897506953297,0.0,67,67
0.0809113791196967,4.429597434503725,67,68
0.0042859379028332405,7.672287813637204,67,69
0.0042859379028332405,7.672287813637203,67,70
0.08091137911969665,4.429597434503724,67,71
0.08091137911969674,4.429597434503725,67,72
0.019815855332348527,8.85919486900745,67,73
0.00428593790283312,7.672287813637205,67,74
0.019815855332348527,8.85919486900745,67,75
0.00428767727676965,7.672287813637205,67,76
0.0042876772767695024,7.672287813637203,67,77
0.0809113791196966,4.429597434503725,67,78
0.0809113791196966,4.429597434503726,67,79
0.0042876772767695024,7.672287813637205,67,80
0.04668191108354774,7.337424650224688,68,1
0.021005378702737505,10.616110436172507,68,2
0.04668191108354774,7.337424650224688,68,3
0.02264467847486725,5.849484341885438,68,4
0.046681911083547724,7.337424650224689,68,5
0.008037086732528322,9.647821897259966,68,6
0.008037086732528322,9.647821897259963,68,7
0.046681911083547724,7.337424650224688,68,8
0.14384474457452054,9.647821897259965,68,9
0.02100537870273741,10.616110436172507,68,10
0.008037086732528315,9.647821897259965,68,11
0.02100537870273741,10.616110436172507,68,12
0.14384474457452048,9.647821897259965,68,13
0.14384474457452048,9.647821897259965,68,14
0.04668191108354748,7.337424650224688,68,15
0.04668191108354748,7.337424650224689,68,16
0.05974607789637044,6.981307568608171,68,17
0.05974607789637044,6.981307568608229,68,18
0.829687726358042,3.081556182188201,68,19
0.829687726358042,3.0815561821881587,68,20
0.02446224634189903,5.396046880424968,68,21
0.0069811185101699555,9.37983593838558,68,22
0.02446224634189903,5.396046880425018,68,23
0.829687726358042,3.081556182188202,68,24
0.059746077896370334,6.981307568608211,68,25
0.006981118510169808,9.379835938385595,68,26
0.006981118510169808,9.37983593838558,68,27
0.059746077896370334,6.98130756860823,68,28
0.016748106696298226,10.373169991029329,68,29
0.05974607789637038,6.98130756860821,68,30
0.024462246341899082,5.396046880424968,68,31
0.05974607789637038,6.981307568608173,68,32
0.028064161093989144,10.152223079232442,68,33
0.028064161093989144,10.152223079232481,68,34
0.005853031758480202,7.989052921778427,68,35
0.005853031758480202,7.989052921778411,68,36
0.011517614429410237,9.134894636433314,68,37
0.007128493962174965,11.929388094702253,68,38
0.011517614429410237,9.134894636433344,68,39
0.005853031758480175,7.989052921778428,68,40
0.02806416109398923,10.152223079232469,68,41
0.007128493962174965,11.929388094702261,68,42
0.007128493962174965,11.92938809470225,68,43
0.02806416109398923,10.152223079232483,68,44
0.0979352422632852,12.725236097840602,68,45
0.02806416109398931,10.152223079232469,68,46
0.011517614429410256,9.134894636433314,68,47
0.02806416109398931,10.152223079232444,68,48
0.2884326401176424,6.362618048920302,68,49
0.05043444732894406,9.967291945745957,68,50
0.2884326401176422,6.362618048920322,68,51
0.055655974351171464,4.567447318216658,68,52
0.05565597435117171,4.567447318216658,68,53
0.010770336699837105,7.75269255602261,68,54
0.010770336699837105,7.752692556022634,68,55
0.05565597435117169,4.567447318216672,68,56
0.2884326401176423,6.362618048920322,68,57
0.010770336699837124,7.752692556022617,68,58
0.0026414407173268226,10.907256399456937,68,59
0.010770336699837124,7.752692556022634,68,60
0.0504344473289443,9.967291945745957,68,61
0.0504344473289443,9.967291945745975,68,62
0.01077033669983699,7.752692556022617,68,63
0.01077033669983699,7.752692556022609,68,64
0.0809113791196967,4.429597434503725,68,65
0.019815855332348673,8.85919486900745,68,66
0.08091137911969655,4.429597434503725,68,67
2.1750897506953297,0.0,68,68
0.08091137911969674,4.429597434503725,68,69
0.0042859379028332405,7.672287813637207,68,70
0.0042859379028332405,7.672287813637203,68,71
0.08091137911969665,4.429597434503724,68,72
0.00428767727676965,7.672287813637205,68,73
0.019815855332348527,8.85919486900745,68,74
0.00428593790283312,7.672287813637205,68,75
0.019815855332348527,8.85919486900745,68,76
0.0042876772767695024,7.672287813637205,68,77
0.0042876772767695024,7.672287813637203,68,78
0.0809113791196966,4.429597434503725,68,79
0.0809113791196966,4.429597434503726,68,80
0.04668191108354748,7.337424650224688,69,1
0.14384474457452048,9.647821897259965,69,2
0.14384474457452048,9.647821897259965,69,3
0.04668191108354748,7.337424650224688,69,4
0.02264467847486725,5.849484341885438,69,5
0.04668191108354774,7.337424650224688,69,6
0.021005378702737505,10.616110436172507,69,7
0.04668191108354774,7.337424650224688,69,8
0.046681911083547724,7.337424650224689,69,9
0.046681911083547724,7.337424650224689,69,10
0.008037086732528322,9.647821897259965,69,11
0.008037086732528322,9.647821897259965,69,12
0.02100537870273741,10.616110436172507,69,13
0.14384474457452054,9.647821897259963,69,14
0.02100537870273741,10.616110436172507,69,15
0.008037086732528315,9.647821897259965,69,16
0.05974607789637038,6.981307568608172,69,17
0.016748106696298226,10.37316999102933,69,18
0.05974607789637038,6.981307568608211,69,19
0.024462246341899082,5.396046880424969,69,20
0.829687726358042,3.081556182188158,69,21
0.05974607789637044,6.981307568608171,69,22
0.05974607789637044,6.98130756860823,69,23
0.829687726358042,3.081556182188202,69,24
0.829687726358042,3.081556182188202,69,25
0.02446224634189903,5.396046880424969,69,26
0.0069811185101699555,9.37983593838558,69,27
0.02446224634189903,5.396046880425019,69,28
0.059746077896370334,6.98130756860823,69,29
0.059746077896370334,6.981307568608211,69,30
0.006981118510169808,9.379835938385595,69,31
0.006981118510169808,9.37983593838558,69,32
0.02806416109398931,10.152223079232442,69,33
0.0979352422632852,12.725236097840602,69,34
0.02806416109398931,10.152223079232469,69,35
0.011517614429410256,9.134894636433314,69,36
0.005853031758480202,7.989052921778411,69,37
0.028064161093989144,10.152223079232442,69,38
0.028064161093989144,10.152223079232483,69,39
0.005853031758480202,7.989052921778428,69,40
0.005853031758480175,7.989052921778428,69,41
0.011517614429410237,9.134894636433314,69,42
0.007128493962174965,11.929388094702253,69,43
0.011517614429410237,9.134894636433344,69,44
0.02806416109398923,10.152223079232483,69,45
0.02806416109398923,10.15222307923247,69,46
0.007128493962174965,11.929388094702261,69,47
0.007128493962174965,11.92938809470225,69,48
0.01077033669983699,7.752692556022609,69,49
0.0504344473289443,9.967291945745956,69,50
0.0504344473289443,9.967291945745977,69,51
0.01077033669983699,7.752692556022617,69,52
0.055655974351171464,4.567447318216658,69,53
0.2884326401176424,6.362618048920302,69,54
0.05043444732894406,9.967291945745956,69,55
0.2884326401176422,6.362618048920323,69,56
0.05565597435117169,4.567447318216673,69,57
0.05565597435117171,4.567447318216658,69,58
0.010770336699837105,7.752692556022609,69,59
0.010770336699837105,7.752692556022635,69,60
0.010770336699837124,7.752692556022635,69,61
0.2884326401176423,6.362618048920322,69,62
0.010770336699837124,7.752692556022617,69,63
0.0026414407173268226,10.907256399456937,69,64
0.0809113791196966,4.429597434503725,69,65
0.0042876772767695024,7.672287813637204,69,66
0.0042876772767695024,7.672287813637204,69,67
0.0809113791196966,4.429597434503725,69,68
2.1750897506953297,0.0,69,69
0.0809113791196967,4.429597434503725,69,70
0.019815855332348673,8.85919486900745,69,71
0.08091137911969655,4.429597434503724,69,72
0.08091137911969665,4.429597434503725,69,73
0.08091137911969674,4.429597434503725,69,74
0.0042859379028332405,7.672287813637204,69,75
0.0042859379028332405,7.672287813637203,69,76
0.019815855332348527,8.859194869007448,69,77
0.00428767727676965,7.672287813637203,69,78
0.019815855332348527,8.859194869007448,69,79
0.00428593790283312,7.672287813637205,69,80
0.04668191108354748,7.337424650224688,70,1
0.04668191108354748,7.337424650224688,70,2
0.14384474457452048,9.647821897259963,70,3
0.14384474457452048,9.647821897259965,70,4
0.04668191108354774,7.337424650224688,70,5
0.02264467847486725,5.849484341885438,70,6
0.04668191108354774,7.337424650224688,70,7
0.021005378702737505,10.616110436172507,70,8
0.008037086732528322,9.647821897259965,70,9
0.046681911083547724,7.337424650224689,70,10
0.046681911083547724,7.337424650224689,70,11
0.008037086732528322,9.647821897259965,70,12
0.008037086732528315,9.647821897259965,70,13
0.02100537870273741,10.616110436172507,70,14
0.14384474457452054,9.647821897259963,70,15
0.02100537870273741,10.616110436172507,70,16
0.024462246341899082,5.396046880424969,70,17
0.05974607789637038,6.981307568608172,70,18
0.016748106696298226,10.37316999102933,70,19
0.05974607789637038,6.981307568608211,70,20
0.829687726358042,3.0815561821882014,70,21
0.829687726358042,3.081556182188158,70,22
0.05974607789637044,6.981307568608171,70,23
0.05974607789637044,6.98130756860823,70,24
0.02446224634189903,5.396046880425018,70,25
0.829687726358042,3.081556182188202,70,26
0.02446224634189903,5.396046880424969,70,27
0.0069811185101699555,9.37983593838558,70,28
0.006981118510169808,9.37983593838558,70,29
0.059746077896370334,6.98130756860823,70,30
0.059746077896370334,6.981307568608211,70,31
0.006981118510169808,9.379835938385595,70,32
0.011517614429410256,9.134894636433314,70,33
0.02806416109398931,10.152223079232442,70,34
0.0979352422632852,12.725236097840602,70,35
0.02806416109398931,10.152223079232469,70,36
0.005853031758480202,7.989052921778428,70,37
0.005853031758480202,7.989052921778411,70,38
0.028064161093989144,10.152223079232442,70,39
0.028064161093989144,10.152223079232483,70,40
0.011517614429410237,9.134894636433344,70,41
0.005853031758480175,7.989052921778428,70,42
0.011517614429410237,9.134894636433314,70,43
0.007128493962174965,11.929388094702253,70,44
0.007128493962174965,11.92938809470225,70,45
0.02806416109398923,10.152223079232483,70,46
0.02806416109398923,10.15222307923247,70,47
0.007128493962174965,11.929388094702261,70,48
0.01077033669983699,7.752692556022617,70,49
0.01077033669983699,7.752692556022609,70,50
0.0504344473289443,9.967291945745956,70,51
0.0504344473289443,9.967291945745977,70,52
0.2884326401176422,6.362618048920323,70,53
0.055655974351171464,4.567447318216658,70,54
0.2884326401176424,6.362618048920302,70,55
0.05043444732894406,9.967291945745956,70,56
0.010770336699837105,7.752692556022635,70,57
0.05565597435117169,4.567447318216673,70,58
0.05565597435117171,4.567447318216658,70,59
0.010770336699837105,7.752692556022609,70,60
0.0026414407173268226,10.907256399456937,70,61
0.010770336699837124,7.752692556022635,70,62
0.2884326401176423,6.362618048920322,70,63
0.010770336699837124,7.752692556022617,70,64
0.0809113791196966,4.429597434503725,70,65
0.0809113791196966,4.429597434503725,70,66
0.0042876772767695024,7.672287813637203,70,67
0.0042876772767695024,7.672287813637204,70,68
0.08091137911969655,4.429597434503725,70,69
2.1750897506953297,0.0,70,70
0.0809113791196967,4.429597434503725,70,71
0.019815855332348673,8.85919486900745,70,72
0.0042859379028332405,7.672287813637204,70,73
0.08091137911969665,4.429597434503725,70,74
0.08091137911969674,4.429597434503725,70,75
0.0042859379028332405,7.672287813637205,70,76
0.00428593790283312,7.672287813637205,70,77
0.019815855332348527,8.859194869007448,70,78
0.00428767727676965,7.672287813637203,70,79
0.019815855332348527,8.859194869007448,70,80
0.14384474457452048,9.647821897259965,71,1
0.04668191108354748,7.337424650224688,71,2
0.04668191108354748,7.337424650224688,71,3
0.14384474457452048,9.647821897259963,71,4
0.021005378702737505,10.616110436172507,71,5
0.04668191108354774,7.337424650224688,71,6
0.02264467847486725,5.849484341885438,71,7
0.04668191108354774,7.337424650224688,71,8
0.008037086732528322,9.647821897259965,71,9
0.008037086732528322,9.647821897259965,71,10
0.046681911083547724,7.337424650224689,71,11
0.046681911083547724,7.337424650224689,71,12
0.02100537870273741,10.616110436172507,71,13
0.008037086732528315,9.647821897259965,71,14
0.02100537870273741,10.616110436172507,71,15
0.14384474457452054,9.647821897259963,71,16
0.05974607789637038,6.981307568608211,71,17
0.024462246341899082,5.396046880424969,71,18
0.05974607789637038,6.981307568608172,71,19
0.016748106696298226,10.37316999102933,71,20
0.05974607789637044,6.981307568608229,71,21
0.829687726358042,3.0815561821882014,71,22
0.829687726358042,3.0815561821881574,71,23
0.05974607789637044,6.981307568608171,71,24
0.0069811185101699555,9.37983593838558,71,25
0.02446224634189903,5.396046880425018,71,26
0.829687726358042,3.081556182188202,71,27
0.02446224634189903,5.396046880424969,71,28
0.006981118510169808,9.379835938385593,71,29
0.006981118510169808,9.37983593838558,71,30
0.059746077896370334,6.98130756860823,71,31
0.059746077896370334,6.981307568608211,71,32
0.02806416109398931,10.152223079232469,71,33
0.011517614429410256,9.134894636433314,71,34
0.02806416109398931,10.152223079232442,71,35
0.0979352422632852,12.725236097840602,71,36
0.028064161093989144,10.152223079232481,71,37
0.005853031758480202,7.989052921778428,71,38
0.005853031758480202,7.98905292177841,71,39
0.028064161093989144,10.152223079232442,71,40
0.007128493962174965,11.92938809470225,71,41
0.011517614429410237,9.134894636433344,71,42
0.005853031758480175,7.989052921778428,71,43
0.011517614429410237,9.134894636433314,71,44
0.007128493962174965,11.929388094702261,71,45
0.007128493962174965,11.92938809470225,71,46
0.02806416109398923,10.152223079232483,71,47
0.02806416109398923,10.152223079232469,71,48
0.0504344473289443,9.967291945745977,71,49
0.01077033669983699,7.752692556022617,71,50
0.01077033669983699,7.752692556022609,71,51
0.0504344473289443,9.967291945745956,71,52
0.05043444732894406,9.967291945745956,71,53
0.2884326401176422,6.362618048920323,71,54
0.055655974351171464,4.567447318216658,71,55
0.2884326401176424,6.362618048920302,71,56
0.010770336699837105,7.752692556022609,71,57
0.010770336699837105,7.752692556022635,71,58
0.05565597435117169,4.567447318216673,71,59
0.05565597435117171,4.567447318216658,71,60
0.010770336699837124,7.752692556022617,71,61
0.0026414407173268226,10.907256399456937,71,62
0.010770336699837124,7.752692556022635,71,63
0.2884326401176423,6.362618048920322,71,64
0.0042876772767695024,7.672287813637204,71,65
0.0809113791196966,4.429597434503725,71,66
0.0809113791196966,4.429597434503724,71,67
0.0042876772767695024,7.672287813637203,71,68
0.019815855332348673,8.85919486900745,71,69
0.08091137911969655,4.429597434503725,71,70
2.1750897506953297,0.0,71,71
0.0809113791196967,4.429597434503725,71,72
0.0042859379028332405,7.672287813637205,71,73
0.0042859379028332405,7.672287813637204,71,74
0.08091137911969665,4.429597434503725,71,75
0.08091137911969674,4.429597434503726,71,76
0.019815855332348527,8.859194869007448,71,77
0.00428593790283312,7.672287813637205,71,78
0.019815855332348527,8.859194869007448,71,79
0.00428767727676965,7.672287813637203,71,80
0.14384474457452048,9.647821897259963,72,1
0.14384474457452048,9.647821897259965,72,2
0.04668191108354748,7.337424650224689,72,3
0.04668191108354748,7.337424650224688,72,4
0.04668191108354774,7.337424650224688,72,5
0.021005378702737505,10.616110436172507,72,6
0.04668191108354774,7.337424650224688,72,7
0.02264467847486725,5.849484341885438,72,8
0.046681911083547724,7.337424650224689,72,9
0.008037086732528322,9.647821897259966,72,10
0.008037086732528322,9.647821897259965,72,11
0.046681911083547724,7.337424650224688,72,12
0.14384474457452054,9.647821897259963,72,13
0.02100537870273741,10.616110436172509,72,14
0.008037086732528315,9.647821897259965,72,15
0.02100537870273741,10.616110436172507,72,16
0.016748106696298226,10.373169991029329,72,17
0.05974607789637038,6.981307568608211,72,18
0.024462246341899082,5.396046880424969,72,19
0.05974607789637038,6.981307568608172,72,20
0.05974607789637044,6.98130756860817,72,21
0.05974607789637044,6.981307568608229,72,22
0.829687726358042,3.081556182188202,72,23
0.829687726358042,3.0815561821881574,72,24
0.02446224634189903,5.396046880424968,72,25
0.0069811185101699555,9.37983593838558,72,26
0.02446224634189903,5.396046880425018,72,27
0.829687726358042,3.081556182188202,72,28
0.059746077896370334,6.9813075686082104,72,29
0.006981118510169808,9.379835938385595,72,30
0.006981118510169808,9.37983593838558,72,31
0.059746077896370334,6.981307568608231,72,32
0.0979352422632852,12.725236097840602,72,33
0.02806416109398931,10.152223079232469,72,34
0.011517614429410256,9.134894636433314,72,35
0.02806416109398931,10.152223079232442,72,36
0.028064161093989144,10.15222307923244,72,37
0.028064161093989144,10.152223079232481,72,38
0.005853031758480202,7.989052921778428,72,39
0.005853031758480202,7.98905292177841,72,40
0.011517614429410237,9.134894636433314,72,41
0.007128493962174965,11.92938809470225,72,42
0.011517614429410237,9.134894636433344,72,43
0.005853031758480175,7.989052921778428,72,44
0.02806416109398923,10.152223079232469,72,45
0.007128493962174965,11.929388094702261,72,46
0.007128493962174965,11.92938809470225,72,47
0.02806416109398923,10.152223079232483,72,48
0.0504344473289443,9.967291945745956,72,49
0.0504344473289443,9.967291945745977,72,50
0.01077033669983699,7.752692556022617,72,51
0.01077033669983699,7.752692556022609,72,52
0.2884326401176424,6.362618048920301,72,53
0.05043444732894406,9.967291945745956,72,54
0.2884326401176422,6.362618048920323,72,55
0.055655974351171464,4.567447318216658,72,56
0.05565597435117171,4.567447318216658,72,57
0.010770336699837105,7.752692556022609,72,58
0.010770336699837105,7.752692556022635,72,59
0.05565597435117169,4.567447318216673,72,60
0.2884326401176423,6.362618048920322,72,61
0.010770336699837124,7.752692556022618,72,62
0.0026414407173268226,10.907256399456937,72,63
0.010770336699837124,7.752692556022635,72,64
0.0042876772767695024,7.672287813637203,72,65
0.0042876772767695024,7.672287813637204,72,66
0.0809113791196966,4.429597434503725,72,67
0.0809113791196966,4.429597434503724,72,68
0.0809113791196967,4.429597434503725,72,69
0.019815855332348673,8.85919486900745,72,70
0.08091137911969655,4.429597434503725,72,71
2.1750897506953297,0.0,72,72
0.08091137911969674,4.429597434503726,72,73
0.0042859379028332405,7.672287813637206,72,74
0.0042859379028332405,7.672287813637204,72,75
0.08091137911969665,4.429597434503725,72,76
0.00428767727676965,7.672287813637203,72,77
0.019815855332348527,8.85919486900745,72,78
0.00428593790283312,7.672287813637205,72,79
0.019815855332348527,8.859194869007448,72,80
0.02100537870273741,10.616110436172509,73,1
0.14384474457452054,9.647821897259965,73,2
0.02100537870273741,10.616110436172509,73,3
0.008037086732528315,9.647821897259965,73,4
0.04668191108354748,7.337424650224689,73,5
0.14384474457452048,9.647821897259965,73,6
0.14384474457452048,9.647821897259965,73,7
0.04668191108354748,7.337424650224688,73,8
0.02264467847486725,5.849484341885438,73,9
0.04668191108354774,7.337424650224688,73,10
0.021005378702737505,10.616110436172507,73,11
0.04668191108354774,7.337424650224688,73,12
0.046681911083547724,7.337424650224688,73,13
0.046681911083547724,7.337424650224688,73,14
0.008037086732528322,9.647821897259965,73,15
0.008037086732528322,9.647821897259965,73,16
0.059746077896370334,6.981307568608228,73,17
0.059746077896370334,6.98130756860821,73,18
0.006981118510169808,9.379835938385595,73,19
0.006981118510169808,9.37983593838558,73,20
0.05974607789637038,6.981307568608172,73,21
0.016748106696298226,10.37316999102933,73,22
0.05974607789637038,6.981307568608211,73,23
0.024462246341899082,5.396046880424969,73,24
0.829687726358042,3.0815561821881583,73,25
0.05974607789637044,6.981307568608172,73,26
0.05974607789637044,6.98130756860823,73,27
0.829687726358042,3.0815561821882023,73,28
0.829687726358042,3.081556182188202,73,29
0.02446224634189903,5.396046880424969,73,30
0.0069811185101699555,9.37983593838558,73,31
0.02446224634189903,5.396046880425019,73,32
0.02806416109398923,10.152223079232481,73,33
0.02806416109398923,10.152223079232469,73,34
0.007128493962174965,11.929388094702261,73,35
0.007128493962174965,11.92938809470225,73,36
0.02806416109398931,10.152223079232442,73,37
0.0979352422632852,12.725236097840602,73,38
0.02806416109398931,10.152223079232469,73,39
0.011517614429410256,9.134894636433314,73,40
0.005853031758480202,7.989052921778411,73,41
0.028064161093989144,10.152223079232442,73,42
0.028064161093989144,10.152223079232483,73,43
0.005853031758480202,7.989052921778428,73,44
0.005853031758480175,7.989052921778428,73,45
0.011517614429410237,9.134894636433314,73,46
0.007128493962174965,11.929388094702253,73,47
0.011517614429410237,9.134894636433344,73,48
0.010770336699837124,7.752692556022635,73,49
0.2884326401176423,6.362618048920322,73,50
0.010770336699837124,7.752692556022617,73,51
0.0026414407173268226,10.907256399456937,73,52
0.01077033669983699,7.752692556022609,73,53
0.0504344473289443,9.967291945745956,73,54
0.0504344473289443,9.967291945745975,73,55
0.01077033669983699,7.752692556022617,73,56
0.055655974351171464,4.567447318216659,73,57
0.2884326401176424,6.362618048920302,73,58
0.05043444732894406,9.967291945745957,73,59
0.2884326401176422,6.362618048920323,73,60
0.05565597435117169,4.567447318216672,73,61
0.05565597435117171,4.567447318216658,73,62
0.010770336699837105,7.752692556022609,73,63
0.010770336699837105,7.752692556022636,73,64
0.019815855332348527,8.85919486900745,73,65
0.00428767727676965,7.672287813637205,73,66
0.019815855332348527,8.85919486900745,73,67
0.00428593790283312,7.672287813637205,73,68
0.0809113791196966,4.429597434503725,73,69
0.0042876772767695024,7.672287813637204,73,70
0.0042876772767695024,7.672287813637204,73,71
0.0809113791196966,4.429597434503725,73,72
2.1750897506953297,0.0,73,73
0.0809113791196967,4.429597434503725,73,74
0.019815855332348673,8.85919486900745,73,75
0.08091137911969655,4.429597434503724,73,76
0.08091137911969665,4.429597434503724,73,77
0.08091137911969674,4.429597434503724,73,78
0.0042859379028332405,7.672287813637203,73,79
0.0042859379028332405,7.672287813637203,73,80
0.008037086732528315,9.647821897259965,74,1
0.02100537870273741,10.616110436172509,74,2
0.14384474457452054,9.647821897259965,74,3
0.02100537870273741,10.616110436172509,74,4
0.04668191108354748,7.337424650224689,74,5
0.04668191108354748,7.337424650224689,74,6
0.14384474457452048,9.647821897259965,74,7
0.14384474457452048,9.647821897259965,74,8
0.04668191108354774,7.337424650224688,74,9
0.02264467847486725,5.849484341885438,74,10
0.04668191108354774,7.337424650224688,74,11
0.021005378702737505,10.616110436172507,74,12
0.008037086732528322,9.647821897259965,74,13
0.046681911083547724,7.337424650224688,74,14
0.046681911083547724,7.337424650224688,74,15
0.008037086732528322,9.647821897259965,74,16
0.006981118510169808,9.37983593838558,74,17
0.059746077896370334,6.981307568608228,74,18
0.059746077896370334,6.98130756860821,74,19
0.006981118510169808,9.379835938385595,74,20
0.024462246341899082,5.396046880424969,74,21
0.05974607789637038,6.981307568608172,74,22
0.016748106696298226,10.373169991029329,74,23
0.05974607789637038,6.981307568608211,74,24
0.829687726358042,3.081556182188202,74,25
0.829687726358042,3.0815561821881583,74,26
0.05974607789637044,6.981307568608172,74,27
0.05974607789637044,6.981307568608231,74,28
0.02446224634189903,5.396046880425018,74,29
0.829687726358042,3.081556182188202,74,30
0.02446224634189903,5.396046880424969,74,31
0.0069811185101699555,9.37983593838558,74,32
0.007128493962174965,11.92938809470225,74,33
0.02806416109398923,10.152223079232481,74,34
0.02806416109398923,10.152223079232469,74,35
0.007128493962174965,11.929388094702261,74,36
0.011517614429410256,9.134894636433314,74,37
0.02806416109398931,10.152223079232442,74,38
0.0979352422632852,12.725236097840602,74,39
0.02806416109398931,10.152223079232469,74,40
0.005853031758480202,7.989052921778428,74,41
0.005853031758480202,7.989052921778411,74,42
0.028064161093989144,10.152223079232442,74,43
0.028064161093989144,10.152223079232483,74,44
0.011517614429410237,9.134894636433344,74,45
0.005853031758480175,7.989052921778428,74,46
0.011517614429410237,9.134894636433314,74,47
0.007128493962174965,11.92938809470225,74,48
0.0026414407173268226,10.907256399456937,74,49
0.010770336699837124,7.752692556022635,74,50
0.2884326401176423,6.362618048920322,74,51
0.010770336699837124,7.752692556022617,74,52
0.01077033669983699,7.752692556022617,74,53
0.01077033669983699,7.752692556022609,74,54
0.0504344473289443,9.967291945745956,74,55
0.0504344473289443,9.967291945745975,74,56
0.2884326401176422,6.362618048920323,74,57
0.055655974351171464,4.567447318216659,74,58
0.2884326401176424,6.362618048920302,74,59
0.05043444732894406,9.967291945745956,74,60
0.010770336699837105,7.752692556022635,74,61
0.05565597435117169,4.567447318216672,74,62
0.05565597435117171,4.567447318216658,74,63
0.010770336699837105,7.752692556022609,74,64
0.00428593790283312,7.672287813637205,74,65
0.019815855332348527,8.85919486900745,74,66
0.00428767727676965,7.672287813637205,74,67
0.019815855332348527,8.85919486900745,74,68
0.0809113791196966,4.429597434503725,74,69
0.0809113791196966,4.429597434503725,74,70
0.0042876772767695024,7.672287813637204,74,71
0.0042876772767695024,7.672287813637203,74,72
0.08091137911969655,4.429597434503725,74,73
2.1750897506953297,0.0,74,74
0.0809113791196967,4.429597434503725,74,75
0.019815855332348673,8.85919486900745,74,76
0.0042859379028332405,7.672287813637203,74,77
0.08091137911969665,4.429597434503724,74,78
0.08091137911969674,4.429597434503724,74,79
0.0042859379028332405,7.672287813637203,74,80
0.02100537870273741,10.616110436172509,75,1
0.008037086732528315,9.647821897259965,75,2
0.02100537870273741,10.616110436172509,75,3
0.14384474457452054,9.647821897259965,75,4
0.14384474457452048,9.647821897259965,75,5
0.04668191108354748,7.337424650224689,75,6
0.04668191108354748,7.337424650224689,75,7
0.14384474457452048,9.647821897259965,75,8
0.021005378702737505,10.616110436172507,75,9
0.04668191108354774,7.337424650224688,75,10
0.02264467847486725,5.849484341885438,75,11
0.04668191108354774,7.337424650224689,75,12
0.008037086732528322,9.647821897259965,75,13
0.008037086732528322,9.647821897259965,75,14
0.046681911083547724,7.337424650224688,75,15
0.046681911083547724,7.337424650224688,75,16
0.006981118510169808,9.379835938385593,75,17
0.006981118510169808,9.37983593838558,75,18
0.059746077896370334,6.981307568608228,75,19
0.059746077896370334,6.98130756860821,75,20
0.05974607789637038,6.981307568608211,75,21
0.024462246341899082,5.396046880424969,75,22
0.05974607789637038,6.981307568608171,75,23
0.016748106696298226,10.373169991029329,75,24
0.05974607789637044,6.98130756860823,75,25
0.829687726358042,3.081556182188202,75,26
0.829687726358042,3.0815561821881583,75,27
0.05974607789637044,6.981307568608172,75,28
0.0069811185101699555,9.37983593838558,75,29
0.02446224634189903,5.396046880425018,75,30
0.829687726358042,3.081556182188202,75,31
0.02446224634189903,5.396046880424968,75,32
0.007128493962174965,11.929388094702261,75,33
0.007128493962174965,11.92938809470225,75,34
0.02806416109398923,10.152223079232481,75,35
0.02806416109398923,10.152223079232469,75,36
0.02806416109398931,10.152223079232469,75,37
0.011517614429410256,9.134894636433314,75,38
0.02806416109398931,10.152223079232442,75,39
0.0979352422632852,12.725236097840602,75,40
0.028064161093989144,10.152223079232483,75,41
0.005853031758480202,7.989052921778428,75,42
0.005853031758480202,7.989052921778411,75,43
0.028064161093989144,10.152223079232442,75,44
0.007128493962174965,11.92938809470225,75,45
0.011517614429410237,9.134894636433344,75,46
0.005853031758480175,7.989052921778428,75,47
0.011517614429410237,9.134894636433314,75,48
0.010770336699837124,7.752692556022617,75,49
0.0026414407173268226,10.907256399456937,75,50
0.010770336699837124,7.752692556022635,75,51
0.2884326401176423,6.362618048920322,75,52
0.0504344473289443,9.967291945745975,75,53
0.01077033669983699,7.752692556022617,75,54
0.01077033669983699,7.752692556022609,75,55
0.0504344473289443,9.967291945745956,75,56
0.05043444732894406,9.967291945745957,75,57
0.2884326401176422,6.362618048920323,75,58
0.055655974351171464,4.567447318216659,75,59
0.2884326401176424,6.362618048920302,75,60
0.010770336699837105,7.752692556022609,75,61
0.010770336699837105,7.752692556022635,75,62
0.05565597435117169,4.567447318216672,75,63
0.05565597435117171,4.567447318216658,75,64
0.019815855332348527,8.85919486900745,75,65
0.00428593790283312,7.672287813637205,75,66
0.019815855332348527,8.85919486900745,75,67
0.00428767727676965,7.672287813637205,75,68
0.0042876772767695024,7.672287813637204,75,69
0.0809113791196966,4.429597434503725,75,70
0.0809113791196966,4.429597434503725,75,71
0.0042876772767695024,7.672287813637204,75,72
0.019815855332348673,8.85919486900745,75,73
0.08091137911969655,4.429597434503725,75,74
2.1750897506953297,0.0,75,75
0.0809113791196967,4.429597434503726,75,76
0.0042859379028332405,7.672287813637203,75,77
0.0042859379028332405,7.672287813637203,75,78
0.08091137911969665,4.429597434503724,75,79
0.08091137911969674,4.429597434503724,75,80
0.14384474457452054,9.647821897259965,76,1
0.02100537870273741,10.616110436172509,76,2
0.008037086732528315,9.647821897259965,76,3
0.02100537870273741,10.616110436172507,76,4
0.14384474457452048,9.647821897259965,76,5
0.14384474457452048,9.647821897259965,76,6
0.04668191108354748,7.337424650224689,76,7
0.04668191108354748,7.337424650224688,76,8
0.04668191108354774,7.337424650224688,76,9
0.021005378702737505,10.616110436172507,76,10
0.04668191108354774,7.337424650224689,76,11
0.02264467847486725,5.849484341885438,76,12
0.046681911083547724,7.337424650224688,76,13
0.008037086732528322,9.647821897259965,76,14
0.008037086732528322,9.647821897259965,76,15
0.046681911083547724,7.337424650224688,76,16
0.059746077896370334,6.981307568608209,76,17
0.006981118510169808,9.379835938385593,76,18
0.006981118510169808,9.37983593838558,76,19
0.059746077896370334,6.981307568608229,76,20
0.016748106696298226,10.373169991029327,76,21
0.05974607789637038,6.981307568608211,76,22
0.024462246341899082,5.396046880424969,76,23
0.05974607789637038,6.981307568608171,76,24
0.05974607789637044,6.98130756860817,76,25
0.05974607789637044,6.981307568608231,76,26
0.829687726358042,3.0815561821882023,76,27
0.829687726358042,3.081556182188158,76,28
0.02446224634189903,5.396046880424966,76,29
0.0069811185101699555,9.37983593838558,76,30
0.02446224634189903,5.396046880425019,76,31
0.829687726358042,3.081556182188202,76,32
0.02806416109398923,10.152223079232467,76,33
0.007128493962174965,11.929388094702261,76,34
0.007128493962174965,11.92938809470225,76,35
0.02806416109398923,10.152223079232481,76,36
0.0979352422632852,12.7252360978406,76,37
0.02806416109398931,10.152223079232469,76,38
0.011517614429410256,9.134894636433314,76,39
0.02806416109398931,10.152223079232442,76,40
0.028064161093989144,10.15222307923244,76,41
0.028064161093989144,10.152223079232483,76,42
0.005853031758480202,7.989052921778428,76,43
0.005853031758480202,7.989052921778411,76,44
0.011517614429410237,9.134894636433314,76,45
0.007128493962174965,11.929388094702253,76,46
0.011517614429410237,9.134894636433344,76,47
0.005853031758480175,7.989052921778428,76,48
0.2884326401176423,6.362618048920322,76,49
0.010770336699837124,7.752692556022617,76,50
0.0026414407173268226,10.907256399456937,76,51
0.010770336699837124,7.752692556022635,76,52
0.0504344473289443,9.967291945745956,76,53
0.0504344473289443,9.967291945745975,76,54
0.01077033669983699,7.752692556022617,76,55
0.01077033669983699,7.752692556022609,76,56
0.2884326401176424,6.362618048920301,76,57
0.05043444732894406,9.967291945745956,76,58
0.2884326401176422,6.362618048920323,76,59
0.055655974351171464,4.567447318216659,76,60
0.05565597435117171,4.567447318216658,76,61
0.010770336699837105,7.75269255602261,76,62
0.010770336699837105,7.752692556022636,76,63
0.05565597435117169,4.567447318216673,76,64
0.00428767727676965,7.672287813637205,76,65
0.019815855332348527,8.859194869007451,76,66
0.00428593790283312,7.672287813637205,76,67
0.019815855332348527,8.85919486900745,76,68
0.0042876772767695024,7.672287813637203,76,69
0.0042876772767695024,7.672287813637205,76,70
0.0809113791196966,4.429597434503726,76,71
0.0809113791196966,4.429597434503725,76,72
0.0809113791196967,4.429597434503725,76,73
0.019815855332348673,8.85919486900745,76,74
0.08091137911969655,4.429597434503726,76,75
2.1750897506953297,0.0,76,76
0.08091137911969674,4.429597434503723,76,77
0.0042859379028332405,7.672287813637204,76,78
0.0042859379028332405,7.672287813637204,76,79
0.08091137911969665,4.429597434503724,76,80
0.046681911083547724,7.337424650224689,77,1
0.046681911083547724,7.33742465022469,77,2
0.008037086732528322,9.647821897259965,77,3
0.008037086732528322,9.647821897259965,77,4
0.02100537870273741,10.616110436172507,77,5
0.14384474457452054,9.647821897259963,77,6
0.02100537870273741,10.616110436172507,77,7
0.008037086732528315,9.647821897259963,77,8
0.04668191108354748,7.337424650224688,77,9
0.14384474457452048,9.647821897259965,77,10
0.14384474457452048,9.647821897259963,77,11
0.04668191108354748,7.337424650224688,77,12
0.02264467847486725,5.849484341885438,77,13
0.04668191108354774,7.337424650224688,77,14
0.021005378702737505,10.616110436172507,77,15
0.04668191108354774,7.337424650224688,77,16
0.829687726358042,3.081556182188202,77,17
0.02446224634189903,5.396046880424969,77,18
0.0069811185101699555,9.37983593838558,77,19
0.02446224634189903,5.396046880425018,77,20
0.059746077896370334,6.981307568608231,77,21
0.059746077896370334,6.981307568608211,77,22
0.006981118510169808,9.379835938385595,77,23
0.006981118510169808,9.37983593838558,77,24
0.05974607789637038,6.981307568608171,77,25
0.016748106696298226,10.373169991029329,77,26
0.05974607789637038,6.98130756860821,77,27
0.024462246341899082,5.396046880424968,77,28
0.829687726358042,3.081556182188158,77,29
0.05974607789637044,6.981307568608171,77,30
0.05974607789637044,6.98130756860823,77,31
0.829687726358042,3.081556182188202,77,32
0.005853031758480175,7.989052921778428,77,33
0.011517614429410237,9.134894636433314,77,34
0.007128493962174965,11.929388094702253,77,35
0.011517614429410237,9.134894636433344,77,36
0.02806416109398923,10.152223079232483,77,37
0.02806416109398923,10.15222307923247,77,38
0.007128493962174965,11.929388094702261,77,39
0.007128493962174965,11.92938809470225,77,40
0.02806416109398931,10.152223079232442,77,41
0.0979352422632852,12.725236097840602,77,42
0.02806416109398931,10.152223079232469,77,43
0.011517614429410256,9.134894636433314,77,44
0.005853031758480202,7.989052921778411,77,45
0.028064161093989144,10.152223079232442,77,46
0.028064161093989144,10.152223079232483,77,47
0.005853031758480202,7.989052921778428,77,48
0.05565597435117169,4.567447318216673,77,49
0.05565597435117171,4.567447318216659,77,50
0.010770336699837105,7.752692556022609,77,51
0.010770336699837105,7.752692556022635,77,52
0.010770336699837124,7.752692556022635,77,53
0.2884326401176423,6.362618048920322,77,54
0.010770336699837124,7.752692556022617,77,55
0.0026414407173268226,10.907256399456937,77,56
0.01077033669983699,7.752692556022608,77,57
0.0504344473289443,9.967291945745956,77,58
0.0504344473289443,9.967291945745975,77,59
0.01077033669983699,7.752692556022616,77,60
0.055655974351171464,4.567447318216658,77,61
0.2884326401176424,6.362618048920302,77,62
0.05043444732894406,9.967291945745956,77,63
0.2884326401176422,6.362618048920323,77,64
0.08091137911969665,4.429597434503727,77,65
0.08091137911969674,4.429597434503727,77,66
0.0042859379028332405,7.672287813637205,77,67
0.0042859379028332405,7.672287813637204,77,68
0.019815855332348527,8.859194869007448,77,69
0.00428767727676965,7.672287813637203,77,70
0.019815855332348527,8.859194869007448,77,71
0.00428593790283312,7.672287813637203,77,72
0.0809113791196966,4.429597434503724,77,73
0.0042876772767695024,7.672287813637203,77,74
0.0042876772767695024,7.672287813637202,77,75
0.0809113791196966,4.429597434503723,77,76
2.1750897506953297,0.0,77,77
0.0809113791196967,4.429597434503725,77,78
0.019815855332348673,8.85919486900745,77,79
0.08091137911969655,4.429597434503725,77,80
0.008037086732528322,9.647821897259965,78,1
0.046681911083547724,7.33742465022469,78,2
0.046681911083547724,7.33742465022469,78,3
0.008037086732528322,9.647821897259965,78,4
0.008037086732528315,9.647821897259963,78,5
0.02100537870273741,10.616110436172507,78,6
0.14384474457452054,9.647821897259963,78,7
0.02100537870273741,10.616110436172507,78,8
0.04668191108354748,7.337424650224688,78,9
0.04668191108354748,7.337424650224688,78,10
0.14384474457452048,9.647821897259965,78,11
0.14384474457452048,9.647821897259963,78,12
0.04668191108354774,7.337424650224688,78,13
0.02264467847486725,5.849484341885438,78,14
0.04668191108354774,7.337424650224688,78,15
0.021005378702737505,10.616110436172507,78,16
0.02446224634189903,5.396046880425018,78,17
0.829687726358042,3.081556182188202,78,18
0.02446224634189903,5.396046880424969,78,19
0.0069811185101699555,9.37983593838558,78,20
0.006981118510169808,9.37983593838558,78,21
0.059746077896370334,6.98130756860823,78,22
0.059746077896370334,6.981307568608211,78,23
0.006981118510169808,9.379835938385595,78,24
0.024462246341899082,5.396046880424968,78,25
0.05974607789637038,6.981307568608171,78,26
0.016748106696298226,10.373169991029329,78,27
0.05974607789637038,6.9813075686082104,78,28
0.829687726358042,3.081556182188201,78,29
0.829687726358042,3.081556182188158,78,30
0.05974607789637044,6.981307568608171,78,31
0.05974607789637044,6.98130756860823,78,32
0.011517614429410237,9.134894636433344,78,33
0.005853031758480175,7.989052921778428,78,34
0.011517614429410237,9.134894636433314,78,35
0.007128493962174965,11.929388094702253,78,36
0.007128493962174965,11.92938809470225,78,37
0.02806416109398923,10.152223079232483,78,38
0.02806416109398923,10.15222307923247,78,39
0.007128493962174965,11.929388094702261,78,40
0.011517614429410256,9.134894636433314,78,41
0.02806416109398931,10.152223079232442,78,42
0.0979352422632852,12.725236097840602,78,43
0.02806416109398931,10.152223079232469,78,44
0.005853031758480202,7.989052921778427,78,45
0.005853031758480202,7.989052921778411,78,46
0.028064161093989144,10.152223079232442,78,47
0.028064161093989144,10.152223079232483,78,48
0.010770336699837105,7.752692556022635,78,49
0.05565597435117169,4.567447318216673,78,50
0.05565597435117171,4.567447318216659,78,51
0.010770336699837105,7.752692556022609,78,52
0.0026414407173268226,10.907256399456937,78,53
0.010770336699837124,7.752692556022635,78,54
0.2884326401176423,6.362618048920322,78,55
0.010770336699837124,7.752692556022617,78,56
0.01077033669983699,7.752692556022616,78,57
0.01077033669983699,7.752692556022608,78,58
0.0504344473289443,9.967291945745956,78,59
0.0504344473289443,9.967291945745975,78,60
0.2884326401176422,6.362618048920322,78,61
0.055655974351171464,4.567447318216658,78,62
0.2884326401176424,6.362618048920302,78,63
0.05043444732894406,9.967291945745956,78,64
0.0042859379028332405,7.672287813637204,78,65
0.08091137911969665,4.429597434503727,78,66
0.08091137911969674,4.429597434503727,78,67
0.0042859379028332405,7.672287813637205,78,68
0.00428593790283312,7.672287813637203,78,69
0.019815855332348527,8.859194869007448,78,70
0.00428767727676965,7.672287813637203,78,71
0.019815855332348527,8.859194869007448,78,72
0.0809113791196966,4.429597434503724,78,73
0.0809113791196966,4.429597434503724,78,74
0.0042876772767695024,7.672287813637203,78,75
0.0042876772767695024,7.672287813637202,78,76
0.08091137911969655,4.429597434503725,78,77
2.1750897506953297,0.0,78,78
0.0809113791196967,4.429597434503725,78,79
0.019815855332348673,8.85919486900745,78,80
0.008037086732528322,9.647821897259965,79,1
0.008037086732528322,9.647821897259965,79,2
0.046681911083547724,7.33742465022469,79,3
0.046681911083547724,7.33742465022469,79,4
0.02100537870273741,10.616110436172507,79,5
0.008037086732528315,9.647821897259963,79,6
0.02100537870273741,10.616110436172507,79,7
0.14384474457452054,9.647821897259963,79,8
0.14384474457452048,9.647821897259965,79,9
0.04668191108354748,7.337424650224688,79,10
0.04668191108354748,7.337424650224688,79,11
0.14384474457452048,9.647821897259965,79,12
0.021005378702737505,10.616110436172507,79,13
0.04668191108354774,7.337424650224688,79,14
0.02264467847486725,5.849484341885438,79,15
0.04668191108354774,7.337424650224688,79,16
0.0069811185101699555,9.37983593838558,79,17
0.02446224634189903,5.396046880425018,79,18
0.829687726358042,3.081556182188202,79,19
0.02446224634189903,5.396046880424969,79,20
0.006981118510169808,9.379835938385593,79,21
0.006981118510169808,9.37983593838558,79,22
0.059746077896370334,6.98130756860823,79,23
0.059746077896370334,6.981307568608211,79,24
0.05974607789637038,6.98130756860821,79,25
0.024462246341899082,5.396046880424968,79,26
0.05974607789637038,6.981307568608171,79,27
0.016748106696298226,10.373169991029329,79,28
0.05974607789637044,6.981307568608229,79,29
0.829687726358042,3.081556182188201,79,30
0.829687726358042,3.081556182188158,79,31
0.05974607789637044,6.981307568608171,79,32
0.007128493962174965,11.92938809470225,79,33
0.011517614429410237,9.134894636433344,79,34
0.005853031758480175,7.989052921778428,79,35
0.011517614429410237,9.134894636433314,79,36
0.007128493962174965,11.929388094702261,79,37
0.007128493962174965,11.92938809470225,79,38
0.02806416109398923,10.152223079232483,79,39
0.02806416109398923,10.15222307923247,79,40
0.02806416109398931,10.152223079232469,79,41
0.011517614429410256,9.134894636433314,79,42
0.02806416109398931,10.152223079232442,79,43
0.0979352422632852,12.725236097840602,79,44
0.028064161093989144,10.152223079232481,79,45
0.005853031758480202,7.989052921778427,79,46
0.005853031758480202,7.989052921778411,79,47
0.028064161093989144,10.152223079232442,79,48
0.010770336699837105,7.752692556022609,79,49
0.010770336699837105,7.752692556022635,79,50
0.05565597435117169,4.567447318216673,79,51
0.05565597435117171,4.567447318216659,79,52
0.010770336699837124,7.752692556022617,79,53
0.0026414407173268226,10.907256399456937,79,54
0.010770336699837124,7.752692556022635,79,55
0.2884326401176423,6.362618048920322,79,56
0.0504344473289443,9.967291945745975,79,57
0.01077033669983699,7.752692556022616,79,58
0.01077033669983699,7.752692556022608,79,59
0.0504344473289443,9.967291945745956,79,60
0.05043444732894406,9.967291945745956,79,61
0.2884326401176422,6.362618048920322,79,62
0.055655974351171464,4.567447318216658,79,63
0.2884326401176424,6.362618048920302,79,64
0.0042859379028332405,7.6722878136372055,79,65
0.0042859379028332405,7.672287813637205,79,66
0.08091137911969665,4.429597434503727,79,67
0.08091137911969674,4.429597434503727,79,68
0.019815855332348527,8.859194869007448,79,69
0.00428593790283312,7.672287813637203,79,70
0.019815855332348527,8.859194869007448,79,71
0.00428767727676965,7.672287813637203,79,72
0.0042876772767695024,7.672287813637203,79,73
0.0809113791196966,4.429597434503724,79,74
0.0809113791196966,4.429597434503724,79,75
0.0042876772767695024,7.672287813637204,79,76
0.019815855332348673,8.85919486900745,79,77
0.08091137911969655,4.429597434503725,79,78
2.1750897506953297,0.0,79,79
0.0809113791196967,4.429597434503725,79,80
0.046681911083547724,7.33742465022469,80,1
0.008037086732528322,9.647821897259966,80,2
0.008037086732528322,9.647821897259965,80,3
0.046681911083547724,7.33742465022469,80,4
0.14384474457452054,9.647821897259963,80,5
0.02100537870273741,10.616110436172507,80,6
0.008037086732528315,9.647821897259963,80,7
0.02100537870273741,10.616110436172507,80,8
0.14384474457452048,9.647821897259965,80,9
0.14384474457452048,9.647821897259965,80,10
0.04668191108354748,7.337424650224688,80,11
0.04668191108354748,7.337424650224688,80,12
0.04668191108354774,7.337424650224688,80,13
0.021005378702737505,10.616110436172507,80,14
0.04668191108354774,7.337424650224688,80,15
0.02264467847486725,5.849484341885438,80,16
0.02446224634189903,5.396046880424968,80,17
0.0069811185101699555,9.37983593838558,80,18
0.02446224634189903,5.396046880425018,80,19
0.829687726358042,3.081556182188202,80,20
0.059746077896370334,6.9813075686082104,80,21
0.006981118510169808,9.379835938385595,80,22
0.006981118510169808,9.37983593838558,80,23
0.059746077896370334,6.98130756860823,80,24
0.016748106696298226,10.373169991029329,80,25
0.05974607789637038,6.98130756860821,80,26
0.024462246341899082,5.396046880424968,80,27
0.05974607789637038,6.981307568608171,80,28
0.05974607789637044,6.98130756860817,80,29
0.05974607789637044,6.981307568608229,80,30
0.829687726358042,3.081556182188201,80,31
0.829687726358042,3.0815561821881565,80,32
0.011517614429410237,9.134894636433314,80,33
0.007128493962174965,11.929388094702253,80,34
0.011517614429410237,9.134894636433344,80,35
0.005853031758480175,7.989052921778428,80,36
0.02806416109398923,10.152223079232469,80,37
0.007128493962174965,11.929388094702261,80,38
0.007128493962174965,11.92938809470225,80,39
0.02806416109398923,10.152223079232483,80,40
0.0979352422632852,12.7252360978406,80,41
0.02806416109398931,10.152223079232469,80,42
0.011517614429410256,9.134894636433314,80,43
0.02806416109398931,10.152223079232442,80,44
0.028064161093989144,10.15222307923244,80,45
0.028064161093989144,10.152223079232481,80,46
0.005853031758480202,7.989052921778427,80,47
0.005853031758480202,7.98905292177841,80,48
0.05565597435117171,4.567447318216659,80,49
0.010770336699837105,7.75269255602261,80,50
0.010770336699837105,7.752692556022635,80,51
0.05565597435117169,4.567447318216673,80,52
0.2884326401176423,6.362618048920322,80,53
0.010770336699837124,7.752692556022617,80,54
0.0026414407173268226,10.907256399456937,80,55
0.010770336699837124,7.752692556022635,80,56
0.0504344473289443,9.967291945745956,80,57
0.0504344473289443,9.967291945745975,80,58
0.01077033669983699,7.752692556022616,80,59
0.01077033669983699,7.752692556022608,80,60
0.2884326401176424,6.362618048920302,80,61
0.05043444732894406,9.967291945745957,80,62
0.2884326401176422,6.362618048920322,80,63
0.055655974351171464,4.567447318216658,80,64
0.08091137911969674,4.4295974345037274,80,65
0.0042859379028332405,7.672287813637207,80,66
0.0042859379028332405,7.672287813637205,80,67
0.08091137911969665,4.429597434503727,80,68
0.00428767727676965,7.672287813637203,80,69
0.019815855332348527,8.859194869007448,80,70
0.00428593790283312,7.672287813637203,80,71
0.019815855332348527,8.859194869007448,80,72
0.0042876772767695024,7.672287813637204,80,73
0.0042876772767695024,7.672287813637203,80,74
0.0809113791196966,4.429597434503724,80,75
0.0809113791196966,4.429597434503724,80,76
0.0809113791196967,4.429597434503725,80,77
0.019815855332348673,8.85919486900745,80,78
0.08091137911969655,4.429597434503725,80,79
2.1750897506953297,0.0,80,80
